time,latitude,longitude,depth,mag,magType,nst,gap,dmin,rms,net,id,updated,place,type,horizontalError,depthError,magError,magNst,status,locationSource,magSource
2022-10-07T12:52:36.010Z,44.540333333333336,-122.55083333333333,13.17,4.39,ml,41,47,0.1347,0.27,uw,uw61886506,2023-01-13T21:55:50.596Z,"16 km ESE of Lacomb, Oregon",earthquake,0.38,1.63,0.17083806202905638,32,reviewed,uw,uw
2022-07-24T08:43:00.600Z,45.463166666666666,-122.93316666666666,19.98,2.84,ml,64,36,0.07682,0.14,uw,uw61856377,2022-10-01T22:09:47.040Z,"6 km SW of Aloha, Oregon",earthquake,0.18,0.4,0.15617871514701687,55,reviewed,uw,uw
2022-06-07T01:58:28.720Z,45.622,-122.45583333333333,6.82,2.65,ml,75,49,0.03047,0.2,uw,uw61840137,2022-10-06T20:51:46.084Z,"3 km SE of Mill Plain, Washington",earthquake,0.16,0.32,0.13957205784398097,31,reviewed,uw,uw
2022-05-25T10:38:07.350Z,45.17016666666667,-122.62566666666666,24.19,2.7,ml,57,58,0.1086,0.19,uw,uw61835187,2022-08-02T19:50:50.040Z,"4 km WNW of Molalla, Oregon",earthquake,0.27,0.46,0.10899546690593276,21,reviewed,uw,uw
2022-03-18T16:21:55.120Z,44.54266666666667,-122.547,12.06,2.61,ml,32,41,0.1377,0.3,uw,uw61814392,2022-10-07T15:50:20.312Z,"16 km ESE of Lacomb, Oregon",earthquake,0.33,1.59,0.1464720755339881,21,reviewed,uw,uw
2021-11-27T05:18:46.760Z,45.307,-123.967833333333,15.35,2.54,ml,29,171,0.1023,0.18,uw,uw61800711,2022-02-05T23:04:18.040Z,"11 km WNW of Beaver, Oregon",earthquake,0.39,0.89,0.115630229888198,6,reviewed,uw,uw
2021-06-06T03:51:37.740Z,45.3423333333333,-121.6935,4.3,3.94,ml,33,84,0.01361,0.14,uw,uw61730837,2021-08-24T21:35:03.040Z,"6 km NE of Government Camp, Oregon",earthquake,0.22,0.23,0.173179710010332,17,reviewed,uw,uw
2021-01-17T23:38:31.710Z,45.3205,-121.699833333333,5.64,2.71,ml,21,86,0.01694,0.14,uw,uw61699362,2021-03-27T21:05:10.040Z,"4 km ENE of Government Camp, Oregon",earthquake,0.27,0.24,0.207240012550602,14,reviewed,uw,uw
2021-01-17T23:26:21.970Z,45.3328333333333,-121.693666666667,4.98,2.54,ml,21,45,0.01212,0.16,uw,uw61699337,2021-03-27T21:05:10.040Z,"5 km ENE of Government Camp, Oregon",earthquake,0.31,0.23,0.268064631483661,12,reviewed,uw,uw
2020-12-04T14:07:31.570Z,45.1128333333333,-123.575333333333,47.5,3.53,ml,71,73,0.07653,0.21,uw,uw61694182,2021-02-12T22:38:55.040Z,"6 km NNW of Fort Hill Census Designated Place, Oregon",earthquake,0.28,0.47,0.213359908267095,23,reviewed,uw,uw
2020-08-29T22:14:16.770Z,42.5875,-124.518,2.75,2.56,ml,13,224,0.1153,0.24,uw,uw61665612,2020-11-07T18:48:45.040Z,"12 km NW of Nesika Beach, Oregon",earthquake,0.68,0.63,0.176092790642634,9,reviewed,uw,uw
2020-07-21T23:39:16.430Z,44.9931666666667,-123.842,43.98,3.17,ml,40,116,0.03108,0.2,uw,uw61661241,2020-09-26T16:58:45.040Z,"3 km ESE of Rose Lodge, Oregon",earthquake,0.33,0.59,0.119112893322689,16,reviewed,uw,uw
2020-05-21T05:40:26.430Z,44.9945,-123.848166666667,44.29,2.55,ml,36,124,0.02858,0.23,uw,uw61617807,2020-08-08T18:17:47.040Z,"3 km SE of Rose Lodge, Oregon",earthquake,0.38,0.63,0.147825368300782,12,reviewed,uw,uw
2020-04-13T09:58:12.590Z,44.9876666666667,-123.827666666667,42.56,2.51,ml,19,102,0.04045,0.14,uw,uw61597717,2020-06-30T14:03:06.040Z,"4 km ESE of Rose Lodge, Oregon",earthquake,0.34,0.7,0.086433089514629,7,reviewed,uw,uw
2020-04-01T15:44:24.440Z,45.0273333333333,-122.583833333333,13.62,2.57,ml,27,64,0.07137,0.22,uw,uw61589702,2020-06-21T00:54:32.040Z,"6 km ESE of Scotts Mills, Oregon",earthquake,0.38,0.82,0.113158883536348,14,reviewed,uw,uw
2019-11-30T04:58:27.190Z,42.7775,-124.4725,16.13,3.54,ml,14,140,,0.2,uw,uw61562171,2020-02-19T18:58:22.040Z,"4 km NNE of Port Orford, Oregon",earthquake,0.39,0.85,0.150742453951227,11,reviewed,uw,uw
2019-11-30T01:45:12.620Z,42.776,-124.476666666667,16.65,4.53,ml,15,142,,0.25,uw,uw61562126,2020-02-19T18:58:22.040Z,"3 km NNE of Port Orford, Oregon",earthquake,0.4,0.79,0.124880414425303,10,reviewed,uw,uw
2019-05-19T16:23:41.110Z,44.9975,-123.841333333333,44.02,3.57,ml,33,135,,0.21,uw,uw61523381,2019-08-07T22:03:52.040Z,"3 km ESE of Rose Lodge, Oregon",earthquake,0.39,0.63,0.157601188336654,16,reviewed,uw,uw
2019-03-01T00:29:23.350Z,44.9955,-123.8515,45.35,2.57,ml,25,149,,0.25,uw,uw61512761,2019-05-14T18:36:35.040Z,"2 km SE of Rose Lodge, Oregon",earthquake,0.49,0.79,0.0963062783563862,12,reviewed,uw,uw
2019-02-22T19:04:50.950Z,44.9888333333333,-123.8375,43.99,3,ml,18,135,,0.2,uw,uw61512381,2019-05-11T17:40:45.040Z,"4 km SE of Rose Lodge, Oregon",earthquake,0.56,0.91,0.131444964751404,8,reviewed,uw,uw
2018-12-23T11:11:02.970Z,44.8263333333333,-123.786833333333,48.58,2.53,ml,25,123,,0.16,uw,uw61507661,2019-02-23T20:22:42.040Z,"Oregon",earthquake,0.37,0.69,0.0979984790844028,15,reviewed,uw,uw
2018-09-25T13:18:50.110Z,45.6766667,-122.8965,22.71,2.56,ml,43,38,0.1266,0.11,uw,uw61422757,2018-12-01T16:45:12.040Z,"8 km S of Scappoose, Oregon",earthquake,0.18,0.41,0.101,23,reviewed,uw,uw
2018-09-17T00:08:26.690Z,45.1358333,-122.9721667,40.89,2.83,ml,45,30,0.1447,0.24,uw,uw61419862,2018-11-27T15:51:56.040Z,"6 km WNW of Gervais, Oregon",earthquake,0.31,0.38,0.183,25,reviewed,uw,uw
2018-08-30T23:38:18.160Z,44.8213333,-122.2221667,3.78,2.57,ml,4,255,1.001,0.08,uw,uw61424371,2018-11-07T18:37:07.040Z,"11 km NNW of Detroit, Oregon",earthquake,10.57,31.61,0.376,2,reviewed,uw,uw
2018-08-24T10:48:50.260Z,44.228,-125.4033,10,2.8,ml,,177,1.087,0.96,us,us1000ggsm,2018-11-01T17:50:57.040Z,"104 km W of Yachats, Oregon",earthquake,4.9,2,0.039,86,reviewed,us,us
2018-07-11T12:09:45.720Z,44.613,-124.3475,25.41,3,ml,17,229,0.2154,0.08,uw,uw61395262,2018-10-02T16:40:34.040Z,"23 km W of Newport, Oregon",earthquake,0.41,0.53,0.242,12,reviewed,uw,uw
2018-04-15T03:45:41.250Z,44.9455,-122.7558333,18.38,3.08,ml,36,41,0.1508,0.23,uw,uw61363027,2019-03-06T18:00:54.748Z,"6 km SSE of Silverton, Oregon",earthquake,0.33,1.1,0.172,24,reviewed,uw,uw
2018-03-09T08:48:28.940Z,44.2056,-124.6819,10,2.8,ml,,148,0.434,1.28,us,us1000d3fy,2018-06-08T05:12:16.040Z,"47 km WSW of Yachats, Oregon",earthquake,2.1,2,0.056,42,reviewed,us,us
2018-02-04T22:37:32.230Z,45.1558333,-124.3488333,30.15,3.06,ml,21,155,0.3731,0.41,uw,uw61366781,2018-04-25T01:39:48.040Z,"29 km W of Neskowin, Oregon",earthquake,0.83,2.68,0.117,6,reviewed,uw,uw
2017-12-14T01:24:26.830Z,45.0353333,-122.5993333,17.37,3.96,ml,53,40,0.1769,0.19,uw,uw61335997,2018-10-28T05:34:08.405Z,"5 km E of Scotts Mills, Oregon",earthquake,0.22,0.82,0.21,28,reviewed,uw,uw
2017-12-06T23:16:01.720Z,43.9998,-124.8511,20.99,2.8,ml,,157,0.535,0.59,us,us2000c1e4,2018-02-28T02:32:30.040Z,"60 km W of Florence, Oregon",earthquake,3.2,4.5,0.047,60,reviewed,us,us
2017-10-10T02:45:37.050Z,45.3206667,-121.6861667,6.84,2.75,ml,25,45,0.02276,0.16,uw,uw61339596,2018-01-09T02:14:53.040Z,"5 km ENE of Government Camp, Oregon",earthquake,0.24,0.23,0.188,23,reviewed,uw,uw
2017-09-26T22:21:58.680Z,44.2518333,-123.9531667,24.14,2.77,ml,20,98,0.1208,0.28,uw,uw61311237,2022-08-07T18:48:10.289Z,"13 km ESE of Yachats, Oregon",earthquake,0.45,1.16,0.136,14,reviewed,uw,uw
2017-09-05T15:48:09.530Z,44.3418333,-124.4218333,25.72,2.82,ml,13,248,0.235,0.21,uw,uw61303577,2017-12-07T20:00:13.040Z,"25 km W of Yachats, Oregon",earthquake,1.56,0.96,0.285,7,reviewed,uw,uw
2017-08-26T20:44:09.900Z,44.6125,-124.3365,25.73,2.54,ml,19,120,0.2076,0.1,uw,uw61299252,2017-11-22T03:43:34.040Z,"22 km W of Newport, Oregon",earthquake,0.3,0.53,0.125,10,reviewed,uw,uw
2017-07-11T23:40:24.420Z,44.3798333,-122.4308333,12.4,2.52,ml,22,80,0.1137,0.55,uw,uw61281277,2017-10-06T23:56:15.040Z,"4 km ESE of Cascadia, Oregon",earthquake,0.84,4.32,0.275,15,reviewed,uw,uw
2017-06-01T16:02:57.740Z,45.0576667,-123.0955,22.48,2.96,ml,32,60,0.1947,0.22,uw,uw61272097,2018-06-26T15:33:50.096Z,"9 km NW of Keizer, Oregon",earthquake,0.3,0.98,0.125,22,reviewed,uw,uw
2017-04-15T19:06:43.970Z,44.4392,-124.6165,36.68,2.7,ml,,140,0.393,0.86,us,us10008hyg,2017-07-05T18:10:01.040Z,"43 km WNW of Yachats, Oregon",earthquake,1.8,7.4,0.203,12,reviewed,uw,uw
2017-04-15T14:48:35.220Z,44.4357,-124.6193,37.67,3.9,mb,,130,0.394,1.18,us,us10008hwk,2022-06-16T17:57:45.100Z,"43 km WNW of Yachats, Oregon",earthquake,3.2,8,0.154,11,reviewed,uw,us
2016-12-05T06:42:00.930Z,43.2698333,-124.4413333,15.79,3.3,ml,17,195,0.181,0.52,uw,uw61221842,2017-03-03T07:06:03.040Z,"14 km SW of Barview, Oregon",earthquake,1.18,1.59,0.054,8,reviewed,uw,uw
2016-10-04T04:29:22.630Z,45.163,-122.9108333,23.7,3.03,ml,41,37,0.1899,0.24,uw,uw61201937,2017-12-14T02:21:01.271Z,"4 km WNW of Woodburn, Oregon",earthquake,0.3,0.96,0.111,27,reviewed,uw,uw
2016-07-17T01:16:43.880Z,45.4748333,-122.8133333,26.65,3.03,ml,42,51,0.03341,0.2,uw,uw61167147,2016-09-17T01:27:47.040Z,"Washington-Oregon border region",earthquake,0.23,0.41,0.178,134,reviewed,uw,uw
2015-11-12T16:16:30.550Z,45.6816667,-122.7548333,22.196,2.69,ml,41,67,0.07065,0.14,uw,uw61104171,2022-08-01T17:30:42.685Z,"4 km SW of Felida, Washington",earthquake,0.29,0.43,0.168,103,reviewed,uw,uw
2015-10-26T06:11:01.280Z,43.529,-121.7233333,5.82,2.89,ml,28,74,0.03217,0.16,uw,uw61083597,2022-08-01T13:43:17.227Z,"23 km SW of La Pine, Oregon",earthquake,0.34,0.28,0.208,68,reviewed,uw,uw
2015-10-24T03:55:05.960Z,43.5321667,-121.7233333,0.7,2.79,ml,24,81,0.302,0.14,uw,uw61082862,2016-07-22T19:59:30.200Z,"Oregon",earthquake,0.34,1.1,0.161,75,reviewed,uw,uw
2015-07-11T21:36:03.880Z,42.571,-124.4801667,9.675,2.59,ml,18,216,0.1381,0.35,uw,uw61040957,2022-07-31T17:57:10.315Z,"9 km NW of Nesika Beach, Oregon",earthquake,0.99,2.11,0.109,24,reviewed,uw,uw
2015-07-04T15:42:18.050Z,44.0895,-122.831,7.95,4.14,ml,24,42,0.1257,0.26,uw,uw61037147,2022-06-16T18:01:11.600Z,"16 km ENE of Springfield, Oregon",earthquake,0.41,2.3,0.152,194,reviewed,uw,uw
2015-06-26T13:29:46.750Z,44.3572,-124.4485,28.65,2.5,ml,,230,0.5,1.28,us,us10002lwa,2015-09-02T22:37:20.040Z,"27 km W of Yachats, Oregon",earthquake,2.6,7.1,0.123,15,reviewed,uw,uw
2015-06-25T13:24:47.560Z,45.4891667,-123.4406667,51.602,3.13,ml,31,61,0.1504,0.1,uw,uw61046476,2022-06-16T09:19:16.185Z,"24 km WNW of Gaston, Oregon",earthquake,0.28,0.68,0.173,146,reviewed,uw,uw
2015-05-15T22:42:43.620Z,45.2021667,-121.2685,12.983,2.92,ml,21,48,0.05257,0.14,uw,uw61003707,2022-07-31T07:09:33.981Z,"2 km S of Wamic, Oregon",earthquake,0.43,0.53,0.164,132,reviewed,uw,uw
2015-04-18T13:50:09.210Z,42.566,-124.4806667,20.612,2.76,ml,5,228,0.3245,0.15,uw,uw60109408,2022-07-30T23:53:37.052Z,"8 km NW of Nesika Beach, Oregon",earthquake,0.67,0.83,0.091,29,reviewed,uw,uw
2015-04-18T13:49:52.060Z,42.5725,-124.4371667,19.312,2.74,ml,14,217,0.309,0.36,uw,uw60988592,2016-07-22T19:48:41.300Z,"7 km NNW of Nesika Beach, Oregon",earthquake,0.98,1,0.107,20,reviewed,uw,uw
2015-01-12T13:16:19.710Z,44.1518333,-122.8991667,7.751,2.61,ml,20,57,0.07738,0.26,uw,uw60946952,2022-07-27T13:54:59.518Z,"13 km E of Coburg, Oregon",earthquake,0.34,1.48,0.198,85,reviewed,uw,uw
2014-12-29T16:31:17.220Z,45.6453333,-122.7576667,19.728,2.51,ml,35,43,0.07171,0.13,uw,uw60943437,2022-07-27T11:51:37.127Z,"5 km NW of North Portland, Oregon",earthquake,0.22,0.33,0.126,83,reviewed,uw,uw
2014-12-19T14:01:06.920Z,44.9556667,-123.5536667,24.379,3.08,ml,30,105,0.2446,0.21,uw,uw60940797,2022-08-07T06:16:08.089Z,"11 km S of Fort Hill Census Designated Place, Oregon",earthquake,0.41,1,0.175,123,reviewed,uw,uw
2014-12-17T01:18:53.700Z,43.1153333,-124.8546667,30.782,2.96,ml,15,278,0.8654,0.41,uw,uw60938712,2022-07-27T10:45:21.499Z,"36 km W of Bandon, Oregon",earthquake,1.67,2.42,0.132,21,reviewed,uw,uw
2014-11-12T11:50:43.620Z,44.1543333,-122.8928333,7.461,2.59,ml,17,65,0.07974,0.18,uw,uw60914012,2022-07-27T07:29:02.668Z,"14 km E of Coburg, Oregon",earthquake,0.36,1.47,0.182,44,reviewed,uw,uw
2014-10-27T07:41:41.010Z,44.3745,-124.4351667,29.62,2.95,ml,24,229,0.3737,0.29,uw,uw60910381,2016-07-22T19:40:36.650Z,"27 km WNW of Yachats, Oregon",earthquake,1.18,31.61,0.168,47,reviewed,uw,uw
2014-09-25T18:11:40.780Z,44.0688333,-121.3331667,-1.66,2.75,md,8,173,0.004403,0.14,uw,uw60886861,2016-07-22T19:38:37.320Z,"1 km NW of Bend, Oregon",explosion,0.84,31.61,0.306,7,reviewed,uw,uw
2014-09-24T15:17:32.450Z,45.1385,-122.6191667,28.561,2.65,ml,18,93,0.1202,0.1,uw,uw60886161,2022-07-27T02:51:49.928Z,"3 km WSW of Molalla, Oregon",earthquake,0.3,0.6,0.187,47,reviewed,uw,uw
2014-09-24T11:59:40.470Z,44.8245,-123.7935,53.375,2.75,ml,23,133,0.2696,0.35,uw,uw60885986,2016-07-22T19:38:35.490Z,"15 km NE of Siletz, Oregon",earthquake,0.88,1.36,0.148,76,reviewed,uw,uw
2014-09-04T08:52:01.220Z,45.3665,-121.7138333,2.193,2.56,ml,32,58,0.03088,0.2,uw,uw60869306,2022-07-27T00:38:13.387Z,"7 km NNE of Government Camp, Oregon",earthquake,0.25,0.8,0.165,62,reviewed,uw,uw
2014-07-14T22:35:06.650Z,44.0958333,-121.3558333,-1.465,2.53,ml,12,133,0.03542,0.3,uw,uw60817807,2016-07-22T19:32:07.950Z,"5 km NW of Bend, Oregon",explosion,1.25,31.61,0.216,10,reviewed,uw,uw
2014-04-18T21:04:20.110Z,44.0218333,-121.2465,-1.533,2.83,md,9,187,0.07384,0.15,uw,uw60744651,2016-07-22T19:27:37.470Z,"6 km SE of Bend, Oregon",explosion,1.1,31.61,0.275,7,reviewed,uw,uw
2014-04-07T03:33:12.630Z,45.3975,-122.9041667,19.387,3.32,ml,39,39,0.1022,0.12,uw,uw60733657,2022-08-06T23:03:27.608Z,"6 km NW of Sherwood, Oregon",earthquake,0.2,0.41,0.211,128,reviewed,uw,uw
2014-03-27T19:45:01.880Z,44.1825,-121.8436667,-1.385,2.78,ml,7,286,0.3891,0.46,uw,uw60731026,2022-07-26T10:50:08.441Z,"26 km WSW of Sisters, Oregon",explosion,4.39,31.61,0.152,5,reviewed,uw,uw
2014-02-25T23:03:10.500Z,43.8777,-125.5195,9.98,2.9,ml,,182,1.325,0.45,us,usc000my6l,2016-07-22T19:25:29.220Z,"110 km W of Winchester Bay, Oregon",earthquake,,3.2,0.051,52,reviewed,us,us
2014-01-24T13:53:28.280Z,42.6121667,-123.9563333,4.3,3.83,ml,19,107,0.2302,0.27,uw,uw60675057,2022-08-06T21:20:35.699Z,"31 km SSE of Powers, Oregon",earthquake,0.69,31.61,0.185,83,reviewed,uw,uw
2014-01-15T22:35:56.760Z,42.6513333,-122.4476667,-1.48,2.52,md,10,112,0.2919,0.27,uw,uw60671227,2016-07-22T19:22:21.440Z,"11 km SSE of Prospect, Oregon",explosion,0.8,31.61,0.353,6,reviewed,uw,uw
2013-08-14T17:35:29.520Z,45.2976667,-121.7538333,6.207,2.73,ml,25,54,0.02778,0.14,uw,uw60572321,2016-07-22T19:15:04.180Z,"0 km S of Government Camp, Oregon",earthquake,0.22,0.26,0.186,64,reviewed,uw,uw
2013-06-09T15:34:22.860Z,43.1558333,-122.256,-1.585,2.75,ml,50,33,0.1366,0.38,uw,uw60537906,2016-07-22T19:11:27.330Z,"48 km NNE of Prospect, Oregon",explosion,0.36,31.61,0.148,30,reviewed,uw,uw
2013-05-05T10:14:46.290Z,45.09,-124.915,39.2,2.6,md,7,320,,,us,us2013pvcz,2014-11-07T01:50:44.813Z,"72 km WNW of Lincoln City, Oregon",earthquake,,,,,reviewed,sea,sea
2013-04-30T19:45:42.060Z,43.7778333,-120.9086667,-1.924,2.64,md,7,283,0.02721,0.12,uw,uw60523432,2016-07-22T19:10:05.500Z,"43 km ESE of Deschutes River Woods, Oregon",explosion,9.67,31.61,0.049,4,reviewed,uw,uw
2013-03-25T20:55:29.860Z,42.6021667,-122.4066667,3.183,2.67,ml,19,55,0.3913,0.25,uw,uw60512661,2016-07-22T19:08:17.110Z,"14 km ENE of Butte Falls, Oregon",earthquake,0.45,1.81,0.193,32,reviewed,uw,uw
2013-03-24T19:28:13.640Z,42.6173333,-122.4046667,7.924,2.68,ml,20,67,0.3381,0.21,uw,uw60512461,2016-07-22T19:08:06.090Z,"15 km ENE of Butte Falls, Oregon",earthquake,0.34,19.28,0.167,28,reviewed,uw,uw
2013-03-24T18:46:05.000Z,42.618,-122.4006667,4.504,2.58,ml,21,66,0.3393,0.28,uw,uw60512451,2016-07-22T19:08:05.720Z,"15 km ENE of Butte Falls, Oregon",earthquake,0.41,1.62,0.166,30,reviewed,uw,uw
2013-03-24T12:28:54.440Z,42.6138333,-122.4015,7.854,2.54,ml,20,67,0.3423,0.25,uw,uw60512386,2016-07-22T19:08:04.640Z,"15 km ENE of Butte Falls, Oregon",earthquake,0.41,22.25,0.195,30,reviewed,uw,uw
2013-03-24T11:39:04.590Z,42.612,-122.4101667,14.394,3.1,ml,26,37,0.34,0.2,uw,uw60512366,2016-07-22T19:08:03.570Z,"14 km ENE of Butte Falls, Oregon",earthquake,0.33,0.98,0.182,41,reviewed,uw,uw
2013-03-24T08:00:11.180Z,42.6213333,-122.4033333,8.154,2.62,ml,23,40,0.3355,0.27,uw,uw60512326,2016-07-22T19:08:01.470Z,"15 km ENE of Butte Falls, Oregon",earthquake,0.37,18.46,0.181,31,reviewed,uw,uw
2013-01-25T08:58:33.900Z,44.4655,-124.6073333,39.482,2.88,ml,15,234,0.4314,0.43,uw,uw60497382,2016-07-22T19:06:22.960Z,"43 km W of Waldport, Oregon",earthquake,2.54,1.08,0.147,25,reviewed,uw,uw
2013-01-25T04:27:42.340Z,44.4571667,-124.6863333,34.945,2.76,ml,17,240,0.4872,0.28,uw,uw60497357,2016-07-22T19:06:22.660Z,"49 km WNW of Yachats, Oregon",earthquake,1.75,1.14,0.167,18,reviewed,uw,uw
2013-01-25T03:43:05.200Z,44.476,-124.867,6.2,3,md,20,206.8,,,us,us2013kvae,2022-08-06T13:30:07.316Z,"63 km WNW of Yachats, Oregon",earthquake,,,,,reviewed,sea,sea
2013-01-25T00:41:11.590Z,44.457,-124.669,33.8,3,ml,13,248,,,us,usp000jyt9,2016-07-22T19:06:21.470Z,"47 km WNW of Yachats, Oregon",earthquake,,,,,reviewed,sea,sea
2012-12-24T00:25:25.220Z,45.6446667,-122.767,19.49,2.76,ml,22,66,0.04642,0.09,uw,uw60485347,2022-08-06T12:55:52.618Z,"6 km NW of North Portland, Oregon",earthquake,0.23,0.36,0.174,68,reviewed,uw,uw
2012-11-29T19:35:36.870Z,44.0563333,-121.2733333,-1.338,2.66,md,11,172,0.04062,0.21,uw,uw60490146,2016-07-22T19:04:27.690Z,"3 km E of Bend, Oregon",explosion,0.75,31.61,0.48,8,reviewed,uw,uw
2012-11-28T23:01:25.010Z,44.0433333,-121.2476667,-1.338,2.51,md,14,123,0.06233,0.49,uw,uw60489911,2016-07-22T19:04:26.680Z,"5 km ESE of Bend, Oregon",explosion,1.77,31.61,0.586,9,reviewed,uw,uw
2012-11-19T22:51:46.190Z,43.7941667,-121.6835,-1.188,2.56,ml,10,124,0.2296,0.26,uw,uw60488391,2022-07-24T12:39:42.422Z,"17 km W of Three Rivers, Oregon",earthquake,0.88,0.51,0.342,9,reviewed,uw,uw
2012-11-19T14:15:09.470Z,45.6458333,-122.7531667,19.797,3.16,ml,44,43,0.04614,0.17,uw,uw60476177,2022-08-06T12:31:46.543Z,"5 km NW of North Portland, Oregon",earthquake,0.22,0.36,0.189,91,reviewed,uw,uw
2012-11-08T09:58:28.070Z,45.0258333,-124.1515,38.048,2.78,ml,12,209,0.3666,0.23,uw,uw60472587,2016-07-22T19:03:00.730Z,"near the coast of Oregon",earthquake,0.87,0.97,0.179,20,reviewed,uw,uw
2012-11-03T23:54:43.550Z,45.0253333,-124.1511667,39.558,2.89,ml,23,199,0.3668,0.28,uw,uw60484031,2016-07-22T19:02:53.460Z,"12 km NW of Lincoln City, Oregon",earthquake,1.07,0.66,0.248,33,reviewed,uw,uw
2012-10-10T23:09:29.380Z,44.092,-121.3346667,-1.465,2.55,md,14,86,0.02574,0.41,uw,uw60462612,2016-07-22T19:01:52.630Z,"4 km NNW of Bend, Oregon",explosion,1.04,31.61,0.214,9,reviewed,uw,uw
2012-09-22T20:15:31.650Z,43.3633333,-124.383,27.813,2.5,ml,17,237,0.3868,0.16,uw,uw60455007,2016-07-22T19:01:07.420Z,"5 km W of Barview, Oregon",earthquake,1.26,0.61,0.237,13,reviewed,uw,uw
2012-09-08T04:57:45.180Z,45.1205,-122.6896667,23.81,3.54,ml,39,45,0.1721,0.26,uw,uw60449207,2022-08-06T11:43:15.411Z,"8 km N of Scotts Mills, Oregon",earthquake,0.33,0.9,0.2,149,reviewed,uw,uw
2012-05-17T19:51:15.830Z,44.318,-124.4698333,0.165,2.53,ml,14,264,0.4307,0.36,uw,uw60418886,2016-07-22T18:56:05.540Z,"29 km W of Yachats, Oregon",earthquake,3.14,1.47,0.055,12,reviewed,uw,uw
2012-04-18T15:20:59.200Z,44.604,-124.4436667,16.615,2.88,ml,22,220,0.2846,0.34,uw,uw60410241,2022-07-23T21:50:36.656Z,"31 km W of Newport, Oregon",earthquake,1.27,1.63,0.257,27,reviewed,uw,uw
2012-04-13T20:23:59.260Z,45.694,-122.344,2.8,2.8,md,15,94.5,,,us,usp000jhwd,2014-11-07T01:47:31.007Z,"7 km NNE of Fern Prairie, Washington",earthquake,,,,,reviewed,sea,sea
2012-04-08T17:16:27.980Z,45.1853333,-121.7085,4.508,2.66,ml,16,70,0.1197,0.17,uw,uw60407506,2022-07-23T21:14:18.994Z,"7 km S of Wapanitia, Oregon",earthquake,0.36,1.19,0.247,47,reviewed,uw,uw
2012-03-20T09:28:37.350Z,44.3833333,-124.4563333,32.93,3.7,ml,16,228,0.3795,0.23,uw,uw60403916,2022-08-06T09:32:28.411Z,"29 km WNW of Yachats, Oregon",earthquake,0.81,1.07,0.18,82,reviewed,uw,uw
2012-03-20T08:43:47.350Z,44.3613333,-124.4386667,29.19,3.17,ml,14,247,0.3845,0.22,uw,uw60403911,2022-08-06T09:33:19.674Z,"27 km WNW of Yachats, Oregon",earthquake,0.99,0.64,0.139,15,reviewed,uw,uw
2012-03-12T11:37:21.950Z,44.3558333,-124.4455,25.76,3.12,ml,20,230,0.3918,0.29,uw,uw60386742,2022-08-06T09:26:28.982Z,"27 km W of Yachats, Oregon",earthquake,1.29,0.75,0.1,16,reviewed,uw,uw
2012-02-26T10:15:11.690Z,42.8158333,-124.7626667,21.643,3.12,ml,14,241,0.3201,0.29,uw,uw60382617,2022-08-06T09:16:08.086Z,"23 km WNW of Port Orford, Oregon",earthquake,1.31,0.98,0.198,7,reviewed,uw,uw
2011-12-08T21:34:32.980Z,43.6275,-121.3613333,-1.539,2.5,md,13,183,0.04543,0.56,uw,uw10830993,2016-07-22T18:05:35.510Z,"12 km ESE of La Pine, Oregon",explosion,0.389,0.43,0.09,6,reviewed,uw,uw
2011-09-16T17:21:17.680Z,45.7936667,-122.6233333,15.122,2.7,md,46,43,,0.19,uw,uw10828298,2016-09-01T18:43:26.473Z,"2 km NW of Dollar Corner, Washington",earthquake,0.256,0.71,0.03,14,reviewed,uw,uw
2011-08-22T18:04:01.840Z,44.8016667,-121.3235,-1.095,2.6,md,11,112,0.2986,0.19,uw,uw10824913,2016-07-22T17:54:16.100Z,"6 km NW of Warm Springs, Oregon",explosion,0.117,0.07,0.07,3,reviewed,uw,uw
2011-08-06T00:05:20.160Z,42.6163333,-122.4006667,7.158,2.8,md,27,44,,0.32,uw,uw10820338,2016-07-22T17:53:14.420Z,"15 km ENE of Butte Falls, Oregon",earthquake,0.44,1.43,0.05,15,reviewed,uw,uw
2011-08-05T23:39:57.430Z,42.622,-122.4088333,12.419,2.5,md,28,47,,0.25,uw,uw10820323,2016-07-22T17:53:11.850Z,"15 km NE of Butte Falls, Oregon",earthquake,0.184,0.27,0.04,11,reviewed,uw,uw
2011-08-05T17:59:02.440Z,42.6156667,-122.398,14.964,2.6,md,25,64,,0.34,uw,uw10820258,2016-07-22T17:53:09.480Z,"15 km ENE of Butte Falls, Oregon",earthquake,0.316,0.27,0.06,7,reviewed,uw,uw
2011-08-04T18:38:20.300Z,42.6255,-122.4065,2.349,2.5,md,23,47,,0.22,uw,uw10819928,2016-07-22T17:53:05.520Z,"15 km SSE of Prospect, Oregon",earthquake,0.333,1.4,0.04,11,reviewed,uw,uw
2011-07-15T20:17:26.630Z,44.2528333,-123.2665,12.031,2.5,md,9,70,0.209,0.14,uw,uw10823423,2016-07-22T17:47:02.960Z,"6 km NW of Junction City, Oregon",explosion,0.659,5.62,0.04,4,reviewed,uw,uw
2011-07-12T19:45:58.880Z,43.4383333,-121.3573333,1.769,2.5,md,7,259,0.2664,0.86,uw,uw10822528,2016-07-22T17:46:55.820Z,"28 km SSE of La Pine, Oregon",explosion,16.59,17.54,0.07,3,reviewed,uw,uw
2011-05-20T01:32:18.900Z,43.663,-123.2156667,5.533,2.6,md,5,202,0.1024,0.07,uw,uw10816923,2016-07-22T17:43:41.540Z,"8 km E of Drain, Oregon",explosion,1.126,0.76,0.02,4,reviewed,uw,uw
2011-04-21T23:53:18.970Z,44.2556667,-123.2593333,17.54,2.6,md,16,69,0.2049,0.2,uw,uw10814403,2016-07-22T17:41:09.180Z,"5 km NW of Junction City, Oregon",explosion,0.653,1.12,0.02,4,reviewed,uw,uw
2011-03-02T12:12:09.010Z,45.3556667,-121.7606667,3.128,2.6,md,28,52,0.0407,0.21,uw,uw10810828,2016-07-22T17:38:13.320Z,"5 km N of Government Camp, Oregon",earthquake,0.412,0.68,0.03,6,reviewed,uw,uw
2010-09-09T18:18:54.730Z,44.6375,-121.1805,-1.383,2.5,md,11,131,0.2547,0.44,uw,uw10807133,2016-07-22T17:14:08.430Z,"4 km W of Madras, Oregon",explosion,0.108,0.77,0.07,3,reviewed,uw,uw
2010-08-28T01:39:12.990Z,44.8068333,-121.3195,6.757,2.7,md,7,91,0.2932,0.19,uw,uw10801958,2016-07-22T17:13:06.730Z,"6 km NW of Warm Springs, Oregon",explosion,0.995,,0.05,5,reviewed,uw,uw
2010-07-03T22:25:19.480Z,42.4743333,-124.1771667,34.306,3.45,ml,34,156,0.2643,0.34,uw,uw10794438,2022-06-19T02:10:21.716Z,"near the coast of Oregon",earthquake,0.81,0.75,0.162,30,reviewed,uw,uw
2010-05-14T19:03:04.090Z,45.3595,-121.7521667,3.743,3,md,33,51,0.03788,0.21,uw,uw10802993,2022-06-19T02:12:01.352Z,"6 km N of Government Camp, Oregon",earthquake,0.397,0.7,0.03,11,reviewed,uw,uw
2009-09-05T00:17:17.000Z,45.5135,-122.6368333,17.335,2.5,md,24,80,0.1177,0.15,uw,uw10775933,2022-07-15T17:12:00.654Z,"3 km ESE of Portland, Oregon",earthquake,0.324,0.4,0.04,12,reviewed,uw,uw
2009-08-24T19:03:46.520Z,44.722,-123.8711667,-0.08,2.84,md,3,267,0.1066,0.06,uw,uw10777098,2016-07-13T23:40:48.520Z,"3 km E of Siletz, Oregon",explosion,1.7,31.61,0.167,2,reviewed,uw,uw
2009-08-18T19:16:40.850Z,44.816,-121.3365,2.416,2.6,md,12,146,0.2978,0.16,uw,uw10775103,2016-07-13T23:40:34.930Z,"8 km NW of Warm Springs, Oregon",explosion,0.774,2.14,0.04,5,reviewed,uw,uw
2009-08-08T00:30:27.140Z,44.637,-123.8081667,1.555,2.6,md,7,133,0.08303,0.36,uw,uw10768473,2016-07-13T23:39:51.250Z,"10 km E of Toledo, Oregon",explosion,17.075,47.15,0.06,2,reviewed,uw,uw
2009-08-06T07:41:58.940Z,45.0795,-122.4495,18.362,2.8,md,48,44,0.09101,0.34,uw,uw10767728,2022-07-15T15:25:00.919Z,"12 km SE of Molalla, Oregon",earthquake,0.455,0.54,0.04,20,reviewed,uw,uw
2009-07-08T12:20:29.470Z,45.5198333,-122.6318333,16.225,2.5,md,36,98,0.1118,0.25,uw,uw10769333,2022-07-15T13:29:42.759Z,"Washington-Oregon border region",earthquake,0.369,0.25,0.06,11,reviewed,uw,uw
2009-07-07T18:02:59.900Z,44.3851667,-121.0076667,-1.495,2.8,md,7,135,0.06476,0.43,uw,uw10769008,2016-07-13T23:38:04.070Z,"14 km ENE of Terrebonne, Oregon",explosion,0.389,0.32,0.05,3,reviewed,uw,uw
2009-06-12T17:34:50.100Z,43.6665,-121.3963333,3.301,2.6,md,9,139,0.1901,0.92,uw,uw10770753,2016-07-13T23:36:51.890Z,"8 km E of La Pine, Oregon",explosion,45.637,99.9,0.12,1,reviewed,uw,uw
2009-05-11T18:49:57.870Z,44.6591667,-121.1678333,0.788,2.5,md,9,84,0.2667,0.23,uw,uw10769898,2016-07-13T23:11:20.140Z,"4 km NW of Madras, Oregon",explosion,0.092,1.2,0.05,3,reviewed,uw,uw
2009-02-26T09:52:47.540Z,42.5413333,-123.896,36.796,4.24,md,34,99,0.3808,0.32,uw,uw10762533,2022-08-08T22:26:41.489Z,"37 km NW of Selma, Oregon",earthquake,0.67,0.69,0.202,27,reviewed,uw,uw
2008-11-19T22:33:35.170Z,44.4095,-122.7855,15.049,2.5,md,4,168,0.153,0.19,uw,uw10761093,2016-07-22T23:35:12.210Z,"4 km WNW of Sweet Home, Oregon",explosion,4.978,4.03,0.04,4,reviewed,uw,uw
2008-07-02T19:04:05.470Z,44.3318333,-120.9738333,5.225,2.8,md,5,239,0.1078,0.07,uw,uw10742743,2016-07-22T23:26:05.230Z,"11 km WNW of Prineville, Oregon",explosion,1.676,0.81,0.06,1,reviewed,uw,uw
2008-06-04T12:21:22.020Z,45.636,-122.7238333,18.729,2.5,md,36,50,,0.21,uw,uw10741238,2016-07-22T23:24:43.740Z,"3 km NNW of North Portland, Oregon",earthquake,0.356,0.27,0.04,6,reviewed,uw,uw
2008-05-07T17:29:33.860Z,44.6218333,-121.1523333,14.68,2.7,md,7,103,0.23,0.38,uw,uw10742388,2016-07-22T23:20:10.050Z,"2 km SW of Madras, Oregon",explosion,2.407,9.77,0.09,3,reviewed,uw,uw
2008-05-01T16:20:43.940Z,44.3465,-124.4606667,32.262,2.9,md,21,229,0.4061,0.26,uw,uw10739913,2016-07-22T23:19:47.730Z,"28 km W of Yachats, Oregon",earthquake,1.18,1.55,0.06,8,reviewed,uw,uw
2008-02-16T22:03:55.800Z,45.064,-121.3195,-1.197,2.6,md,7,159,0.1782,0.99,uw,uw10737738,2016-07-22T23:15:55.250Z,"6 km SE of Pine Grove, Oregon",explosion,1.127,19.74,0.07,2,reviewed,uw,uw
2008-02-11T23:26:47.450Z,44.6506667,-121.1408333,-1.641,2.7,md,5,233,0.249,0.24,uw,uw10736603,2016-07-22T23:15:45.730Z,"2 km NNW of Madras, Oregon",explosion,0.19,0.98,0.05,3,reviewed,uw,uw
2008-01-23T19:20:47.930Z,44.3718333,-121.0291667,0.977,3.1,md,7,141,0.08459,0.04,uw,uw10739288,2016-07-22T23:14:43.900Z,"12 km E of Terrebonne, Oregon",explosion,0.242,0.16,0.08,3,reviewed,uw,uw
2007-10-30T23:14:47.700Z,44.3553333,-121.0216667,-1.49,2.8,md,13,179,0.09549,0.22,uw,uw10730138,2016-07-22T23:06:56.840Z,"12 km E of Terrebonne, Oregon",explosion,0.125,0.54,0.08,4,reviewed,uw,uw
2007-09-24T06:20:54.270Z,45.103,-123.03,23.43,3.6,md,56,49,,0.35,uw,uw10733518,2022-06-19T02:02:17.456Z,"8 km NW of Brooks, Oregon",earthquake,0.411,0.65,0.03,25,reviewed,uw,uw
2007-09-14T22:33:20.800Z,44.3665,-121.03,0.324,2.6,md,9,177,0.08923,0.11,uw,uw10730143,2016-07-22T23:04:16.310Z,"11 km E of Terrebonne, Oregon",explosion,0.816,0.7,0.05,3,reviewed,uw,uw
2007-09-10T18:46:11.690Z,44.5946667,-121.1961667,0.148,2.6,md,8,144,0.05708,0.2,uw,uw10726453,2016-07-22T23:03:56.470Z,"1 km WNW of Metolius, Oregon",explosion,1.043,2.77,0.07,3,reviewed,uw,uw
2007-08-24T20:54:06.280Z,44.12,-123.077,0.534,2.5,md,13,90,0.0909,0.36,uw,uw10733133,2016-07-22T23:02:39.980Z,"2 km SSW of Coburg, Oregon",explosion,2.66,15.36,0.1,4,reviewed,uw,uw
2007-08-23T22:31:00.050Z,44.6293333,-124.3311667,26.78,2.8,md,17,244,0.2412,0.15,uw,uw10732633,2016-07-22T23:02:33.360Z,"22 km W of Newport, Oregon",earthquake,0.644,0.43,0.05,5,reviewed,uw,uw
2007-08-16T20:26:40.260Z,45.003,-122.7011667,14.303,2.6,md,4,266,0.2249,0.21,uw,uw10727588,2016-07-22T23:01:56.400Z,"5 km SSW of Scotts Mills, Oregon",explosion,3.471,5.53,0.04,1,reviewed,uw,uw
2007-08-01T21:23:19.920Z,44.659,-121.1618333,-1.606,2.9,md,9,100,0.2642,0.2,uw,uw10721663,2016-07-22T22:58:05.740Z,"3 km NW of Madras, Oregon",explosion,0.078,0.12,0.07,4,reviewed,uw,uw
2007-07-13T17:03:03.500Z,44.3948333,-121.0191667,-1.112,2.6,md,6,178,0.293,0.31,uw,uw10723768,2016-07-22T22:56:47.400Z,"13 km ENE of Terrebonne, Oregon",explosion,0.482,6.38,0.11,1,reviewed,uw,uw
2007-07-12T03:53:20.620Z,45.2678333,-122.7205,23.266,3.2,md,64,28,,0.33,uw,uw10723153,2022-06-18T12:51:34.686Z,"1 km N of Barlow, Oregon",earthquake,0.342,0.45,0.07,22,reviewed,uw,uw
2007-07-05T17:59:51.660Z,44.3621667,-121.0403333,0.701,3,md,15,72,0.09713,0.06,uw,uw10722108,2016-07-22T22:56:20.730Z,"11 km E of Terrebonne, Oregon",explosion,0.206,0.28,0.04,3,reviewed,uw,uw
2007-06-25T20:38:46.190Z,44.0996667,-123.0183333,-0.628,2.6,md,6,177,0.07973,0.16,uw,uw10719558,2016-07-22T22:55:36.770Z,"5 km SE of Coburg, Oregon",explosion,0.121,0.53,0.04,3,reviewed,uw,uw
2007-04-27T23:09:57.850Z,44.2911667,-120.7765,-1.373,2.8,md,9,94,0.1966,0.29,uw,uw10729608,2016-07-22T22:51:05.830Z,"4 km ESE of Prineville, Oregon",explosion,0.149,2.81,0.13,2,reviewed,uw,uw
2007-04-26T19:59:58.320Z,45.0996667,-122.506,5.874,2.8,md,15,114,0.108,0.22,uw,uw10729163,2016-07-22T22:51:01.720Z,"7 km SE of Molalla, Oregon",explosion,0.622,0.73,0.1,4,reviewed,uw,uw
2007-03-30T00:54:43.260Z,44.105,-123.0258333,-0.628,2.5,md,14,87,0.08223,0.34,uw,uw10720363,2016-07-22T22:45:40.580Z,"4 km SE of Coburg, Oregon",explosion,0.144,1.43,0.07,3,reviewed,uw,uw
2007-03-22T19:22:42.740Z,44.6461667,-121.1835,-1.44,3,md,5,130,0.03114,0.13,uw,uw10716938,2016-07-22T22:45:15.140Z,"4 km WNW of Madras, Oregon",explosion,0.17,0.17,0.06,2,reviewed,uw,uw
2007-03-15T20:08:55.150Z,44.4045,-121.0268333,0.794,3,md,10,168,0.06055,0.33,uw,uw10714633,2016-07-22T22:44:36.910Z,"13 km ENE of Terrebonne, Oregon",explosion,2.284,2.23,0.06,4,reviewed,uw,uw
2006-12-24T23:39:30.360Z,44.9081667,-122.5931667,14.43,2.5,md,32,64,0.1312,0.38,uw,uw10707188,2016-07-22T22:40:01.730Z,"13 km N of Mehama, Oregon",earthquake,0.628,2.18,0.06,10,reviewed,uw,uw
2006-12-19T03:02:30.790Z,45.172,-122.6125,18.774,2.8,md,53,43,,0.34,uw,uw10706053,2016-07-22T22:39:41.480Z,"3 km NW of Molalla, Oregon",earthquake,0.552,0.51,0.04,17,reviewed,uw,uw
2006-11-27T02:31:54.060Z,45.171,-122.6015,21,2.6,md,41,99,0.1156,0.39,uw,uw10708978,2016-07-22T22:35:34.870Z,"3 km NW of Molalla, Oregon",earthquake,0.969,1.84,0.04,11,reviewed,uw,uw
2006-11-06T05:34:35.690Z,45.5156667,-122.6478333,15.518,2.6,md,36,53,,0.17,uw,uw10700578,2016-07-22T22:34:09.600Z,"2 km ESE of Portland, Oregon",earthquake,0.283,0.54,0.05,9,reviewed,uw,uw
2006-10-21T00:18:38.180Z,44.259,-123.2565,3.134,2.7,md,11,101,0.266,0.19,uw,uw10709243,2016-07-22T22:32:57.980Z,"5 km NW of Junction City, Oregon",explosion,0.849,2.15,0.04,3,reviewed,uw,uw
2006-10-13T05:18:05.630Z,45.2741667,-123.0308333,16.64,2.9,md,55,43,,0.33,uw,uw10706028,2016-07-22T22:32:13.500Z,"1 km WSW of Dundee, Oregon",earthquake,0.358,0.32,0.05,10,reviewed,uw,uw
2006-09-15T19:51:26.680Z,44.3703333,-121.0388333,-0.357,2.7,md,16,85,0.09011,0.19,uw,uw10702188,2016-07-22T22:29:24.240Z,"11 km E of Terrebonne, Oregon",earthquake,0.632,0.34,0.08,4,reviewed,uw,uw
2006-08-04T19:53:16.850Z,44.3735,-121.0361667,-1.684,2.5,md,10,120,0.08646,0.22,uw,uw10696673,2016-07-22T22:22:45.150Z,"11 km ENE of Terrebonne, Oregon",explosion,0.128,0.86,0.05,2,reviewed,uw,uw
2006-08-03T10:21:25.190Z,45.8038333,-122.6001667,12.974,2.7,md,59,25,,0.17,uw,uw10695928,2016-07-22T22:22:29.200Z,"1 km WNW of Cherry Grove, Washington",earthquake,0.15,0.33,0.03,16,reviewed,uw,uw
2006-08-03T08:39:18.620Z,45.8021667,-122.6066667,14.254,3.8,md,72,26,,0.17,uw,uw10695763,2022-06-18T12:12:23.950Z,"2 km WNW of Cherry Grove, Washington",earthquake,0.15,0.23,0.03,8,reviewed,uw,uw
2006-07-12T22:35:59.170Z,44.2496667,-123.269,21.529,2.7,md,10,82,0.2628,0.26,uw,uw10697403,2016-07-22T22:20:18.290Z,"6 km WNW of Junction City, Oregon",explosion,1.047,1.8,0.05,4,reviewed,uw,uw
2006-05-20T00:21:58.530Z,44.2828333,-120.878,2.452,2.6,md,6,199,0.1662,0.13,uw,uw10694848,2016-07-22T22:13:25.860Z,"3 km WSW of Prineville, Oregon",explosion,6.071,14.17,0.06,1,reviewed,uw,uw
2006-04-26T14:24:06.620Z,45.0161667,-122.5608333,19.521,3,md,56,46,0.1751,0.32,uw,uw10698823,2022-06-18T11:45:21.675Z,"8 km ESE of Scotts Mills, Oregon",earthquake,0.424,1.03,0.05,14,reviewed,uw,uw
2006-03-04T17:38:47.150Z,44.752,-123.717,42.775,3.3,md,23,128,0.196,0.21,uw,uw10687083,2022-06-18T11:38:50.958Z,"16 km ENE of Siletz, Oregon",earthquake,0.7,1.03,0.04,17,reviewed,uw,uw
2006-01-29T02:00:53.180Z,45.5193333,-122.634,15.208,2.8,md,36,58,0.1121,0.2,uw,uw10693693,2016-07-22T22:04:43.910Z,"3 km E of Portland, Oregon",earthquake,0.44,0.54,0.04,13,reviewed,uw,uw
2005-09-14T15:46:54.890Z,43.0208333,-125.035,9.954,3.13,ml,9,252,1.002,0.7,uw,uw10678718,2016-07-22T21:52:55.850Z,"48 km WNW of Langlois, Oregon",earthquake,10.24,31.61,0.21,3,reviewed,uw,uw
2005-07-13T23:37:53.090Z,44.3476667,-121.0216667,-1.556,2.6,md,9,176,0.1023,0.1,uw,uw10664718,2016-07-22T21:42:01.050Z,"12 km E of Terrebonne, Oregon",explosion,0.058,0.22,0.03,3,reviewed,uw,uw
2005-06-25T13:49:11.140Z,45.5213333,-122.6373333,14.717,2.7,md,42,58,0.1099,0.21,uw,uw10678423,2016-07-22T21:39:43.610Z,"3 km E of Portland, Oregon",earthquake,0.527,1.02,0.03,10,reviewed,uw,uw
2005-04-27T01:49:34.110Z,44.2765,-120.8853333,-0.857,2.7,md,21,139,0.1704,0.25,uw,uw10674628,2016-07-22T21:26:00.280Z,"4 km WSW of Prineville, Oregon",explosion,0.852,1.6,0.04,10,reviewed,uw,uw
2005-04-13T04:51:05.920Z,44.422,-124.3333333,28.135,2.5,md,13,247,0.5648,0.41,uw,uw10664698,2016-07-22T21:19:58.980Z,"21 km W of Waldport, Oregon",earthquake,2.772,2.17,0.03,10,reviewed,uw,uw
2005-04-06T22:57:40.510Z,45.3728333,-121.7063333,-0.113,2.8,md,37,53,0.06391,0.34,uw,uw10658188,2016-07-22T21:18:40.300Z,"Washington-Oregon border region",earthquake,0.718,0.9,0.04,8,reviewed,uw,uw
2004-11-20T20:20:12.400Z,44.3585,-121.0248333,-1.562,2.6,md,18,153,0.09387,0.2,uw,uw10645048,2016-07-23T02:53:37.130Z,"Oregon",earthquake,0.071,0.42,0.03,4,reviewed,uw,uw
2004-11-06T01:18:49.750Z,44.4331667,-122.7773333,-0.526,2.6,md,11,192,0.2857,0.18,uw,uw10620128,2016-07-23T02:49:03.980Z,"5 km NW of Sweet Home, Oregon",explosion,1.248,1.04,0.04,4,reviewed,uw,uw
2004-08-19T07:54:10.900Z,44.6518333,-124.3406667,24.373,2.5,md,10,267,0.3,0.22,uw,uw10613723,2016-07-23T02:14:19.340Z,"22 km W of Newport, Oregon",earthquake,2.026,1.48,0.05,7,reviewed,uw,uw
2004-08-19T06:06:03.630Z,44.6645,-124.3003333,27.274,4.7,md,23,212,,0.29,uw,uw10613523,2021-02-24T23:02:05.454Z,"19 km W of Newport, Oregon",earthquake,1.284,0.75,0.04,19,reviewed,uw,uw
2004-08-17T18:28:24.230Z,45.4688333,-122.8471667,26.147,2.6,md,48,42,0.1114,0.25,uw,uw10612718,2016-07-23T02:14:05.090Z,"3 km SSE of Aloha, Oregon",earthquake,0.534,0.68,0.04,15,reviewed,uw,uw
2004-07-20T15:58:48.430Z,44.338,-124.4925,23.249,2.5,md,10,271,0.497,0.25,uw,uw10613183,2016-07-23T02:11:52.430Z,"31 km W of Yachats, Oregon",earthquake,1.932,2.06,0.05,4,reviewed,uw,uw
2004-07-19T00:14:24.510Z,44.3703333,-124.5015,25.9,2.8,md,11,289,0.4847,0.27,uw,uw10612273,2016-07-23T02:11:43.960Z,"32 km WNW of Yachats, Oregon",earthquake,2.394,1.88,0.05,5,reviewed,uw,uw
2004-07-18T19:02:45.500Z,44.393,-121.006,0.839,2.6,md,11,147,0.05769,0.19,uw,uw10612173,2016-07-23T02:11:43.460Z,"14 km ENE of Terrebonne, Oregon",explosion,1.259,1.23,0.05,5,reviewed,uw,uw
2004-07-13T03:56:11.590Z,44.3598333,-124.5095,28.98,3.3,md,17,214,0.4951,0.44,uw,uw10609383,2016-07-23T02:11:23.180Z,"32 km W of Yachats, Oregon",earthquake,2.571,1.66,0.07,7,reviewed,uw,uw
2004-07-13T00:26:31.220Z,44.3668333,-124.4888333,27.75,2.7,md,10,273,0.4789,0.29,uw,uw10609368,2016-07-23T02:11:22.650Z,"31 km WNW of Yachats, Oregon",earthquake,2.739,2.06,0.08,4,reviewed,uw,uw
2004-07-12T16:45:00.780Z,44.3338333,-124.4888333,28.75,4.9,md,18,247,0.4973,0.24,uw,uw10609208,2021-02-24T21:55:16.353Z,"30 km W of Yachats, Oregon",earthquake,1.418,0.75,0.05,2,reviewed,uw,uw
2004-07-12T16:41:18.910Z,44.3448333,-124.489,29.1,2.9,md,12,247,0.4911,0.24,uw,uw10609153,2016-07-23T02:08:18.890Z,"30 km W of Yachats, Oregon",earthquake,1.994,1.51,0.06,8,reviewed,uw,uw
2004-02-26T01:51:54.450Z,45.646,-122.754,18.771,3,md,58,43,0.06906,0.16,uw,uw10602768,2022-06-18T08:27:53.577Z,"5 km NW of North Portland, Oregon",earthquake,0.29,0.28,0.05,14,reviewed,uw,uw
2004-02-15T07:59:43.190Z,44.6475,-124.434,24.565,2.9,md,17,221,0.6457,0.41,uw,uw10600813,2016-07-23T01:57:18.680Z,"30 km W of Newport, Oregon",earthquake,2.368,3.15,0.05,6,reviewed,uw,uw
2004-01-15T09:30:25.850Z,45.3638333,-121.6891667,1.757,2.5,md,19,75,0.04956,0.23,uw,uw10600493,2016-07-23T01:56:00.600Z,"8 km NE of Government Camp, Oregon",earthquake,0.61,0.61,0.04,4,reviewed,uw,uw
2003-11-13T00:57:54.320Z,42.5223333,-122.5788333,15.37,2.9,md,16,104,0.2917,0.26,uw,uw10590508,2016-07-23T01:53:31.740Z,"2 km SSW of Butte Falls, Oregon",earthquake,0.057,0.08,0.05,9,reviewed,uw,uw
2003-10-25T02:08:54.890Z,44.6261667,-124.4116667,14.234,2.6,md,10,271,0.6258,0.33,uw,uw10601588,2016-07-23T01:52:41.010Z,"28 km W of Newport, Oregon",earthquake,6.246,6.22,0.05,5,reviewed,uw,uw
2003-09-02T19:32:08.690Z,43.9516667,-120.981,-1.857,2.5,md,8,125,0.1609,0.35,uw,uw10587953,2016-07-23T01:49:55.860Z,"29 km ESE of Bend, Oregon",explosion,0.17,3.77,0.04,3,reviewed,uw,uw
2003-08-21T17:31:36.420Z,44.2563333,-120.9101667,-1.681,2.5,md,8,156,0.1857,0.21,uw,uw10592558,2016-07-23T01:46:05.750Z,"7 km SW of Prineville, Oregon",explosion,0.092,1.97,0.03,2,reviewed,uw,uw
2003-07-26T11:24:44.840Z,45.6376667,-122.7346667,16.788,2.8,md,52,42,0.05803,0.2,uw,uw10601463,2016-07-23T01:44:24.560Z,"3 km NW of North Portland, Oregon",earthquake,0.414,0.51,0.02,16,reviewed,uw,uw
2003-07-25T20:48:01.150Z,45.6398333,-122.7363333,17.228,3,md,55,42,0.05907,0.22,uw,uw10600528,2022-06-18T07:00:37.631Z,"4 km NW of North Portland, Oregon",earthquake,0.383,0.4,0.05,19,reviewed,uw,uw
2003-07-07T12:40:12.620Z,45.3273333,-121.6856667,5.158,3.3,md,43,67,0.02503,0.22,uw,uw10593918,2016-07-23T01:43:14.470Z,"6 km ENE of Government Camp, Oregon",earthquake,0.439,0.46,0.04,13,reviewed,uw,uw
2003-04-28T22:25:48.130Z,45.1155,-122.4303333,14.63,2.8,md,52,43,0.05493,0.39,uw,uw10585118,2016-07-23T01:39:17.140Z,"12 km ESE of Molalla, Oregon",earthquake,0.588,0.84,0.03,16,reviewed,uw,uw
2003-04-24T19:26:30.480Z,45.633,-122.7388333,17.091,3.9,md,62,41,0.06058,0.22,uw,uw10583283,2022-06-18T06:33:38.269Z,"3 km NW of North Portland, Oregon",earthquake,0.43,0.34,0.04,54,reviewed,uw,uw
2003-03-31T22:01:47.330Z,44.3593333,-121.0365,2.558,2.6,md,7,151,0.09777,0.23,uw,uw10585328,2016-07-23T01:35:01.660Z,"11 km E of Terrebonne, Oregon",explosion,0.184,0.4,0.03,1,reviewed,uw,uw
2003-03-31T21:20:22.020Z,45.6355,-122.7576667,16.768,2.6,md,48,42,0.06679,0.18,uw,uw10585258,2016-07-23T01:34:59.720Z,"5 km WNW of North Portland, Oregon",earthquake,0.356,0.34,0.04,19,reviewed,uw,uw
2003-03-17T22:09:32.120Z,44.2691667,-120.9006667,-1.821,2.5,md,7,156,0.1746,0.5,uw,uw10580718,2016-07-23T01:34:03.610Z,"6 km WSW of Prineville, Oregon",explosion,0.227,5.57,0.03,3,reviewed,uw,uw
2003-02-28T23:22:04.950Z,43.9083333,-120.9353333,6.153,3.1,md,8,133,0.1073,0.45,uw,uw10582058,2016-07-23T01:33:23.520Z,"34 km ESE of Bend, Oregon",explosion,61.651,99.9,0.04,3,reviewed,uw,uw
2002-12-12T03:13:45.530Z,45.3643333,-121.6986667,2.757,2.7,md,37,37,0.05389,0.32,uw,uw10572943,2016-07-23T01:29:12.460Z,"8 km NNE of Government Camp, Oregon",earthquake,0.667,1.38,0.04,7,reviewed,uw,uw
2002-12-10T23:59:36.240Z,44.2946667,-120.8985,-1.482,2.8,md,9,190,0.1503,0.32,uw,uw10572748,2016-07-23T01:29:06.780Z,"5 km W of Prineville, Oregon",explosion,0.17,3.41,0.04,5,reviewed,uw,uw
2002-11-26T22:13:54.480Z,44.3131667,-120.8966667,-1.593,2.8,md,7,206,0.1331,0.27,uw,uw10583233,2016-07-23T01:28:08.630Z,"5 km WNW of Prineville, Oregon",explosion,0.208,3.72,0.04,2,reviewed,uw,uw
2002-08-21T21:46:00.130Z,44.654,-121.1361667,-1.537,3,md,6,120,0.2502,0.06,uw,uw10572368,2016-07-23T01:14:34.360Z,"2 km NNW of Madras, Oregon",explosion,0.014,0.46,0.03,3,reviewed,uw,uw
2002-08-09T20:56:12.720Z,45.3288333,-121.6826667,5.251,2.6,md,33,57,0.08622,0.25,uw,uw10561978,2016-07-23T01:13:48.230Z,"6 km ENE of Government Camp, Oregon",earthquake,0.552,0.87,0.02,14,reviewed,uw,uw
2002-07-29T20:14:14.590Z,45.4215,-123.0411667,-0.808,2.8,md,7,250,0.3816,0.19,uw,uw10567568,2016-07-23T01:13:05.710Z,"7 km ESE of Gaston, Oregon",explosion,0.196,1.86,0.02,2,reviewed,uw,uw
2002-07-25T19:40:49.160Z,43.9335,-120.961,5.548,3,md,5,133,0.138,0.06,uw,uw10566028,2016-07-23T01:12:54.420Z,"31 km ESE of Bend, Oregon",explosion,0.286,0.67,0.04,2,reviewed,uw,uw
2002-07-11T18:54:30.620Z,45.3356667,-121.6815,4.817,2.5,md,30,40,0.02442,0.26,uw,uw10560933,2016-07-23T01:08:46.570Z,"6 km ENE of Government Camp, Oregon",earthquake,0.552,0.56,0.05,14,reviewed,uw,uw
2002-07-02T23:35:23.120Z,45.3405,-121.6798333,4.841,2.9,md,35,45,0.09378,0.3,uw,uw10557013,2016-07-23T01:07:49.260Z,"7 km NE of Government Camp, Oregon",earthquake,0.057,0.09,0.03,12,reviewed,uw,uw
2002-06-30T11:16:23.280Z,45.3441667,-121.677,4.426,2.7,md,34,40,0.02819,0.3,uw,uw10571603,2016-07-23T01:07:27.940Z,"7 km NE of Government Camp, Oregon",earthquake,0.73,0.65,0.02,16,reviewed,uw,uw
2002-06-29T19:31:57.350Z,45.3201667,-121.6875,5.039,2.5,md,26,70,0.07949,0.22,uw,uw10570733,2016-07-23T01:07:16.070Z,"5 km ENE of Government Camp, Oregon",earthquake,0.058,0.08,0.02,14,reviewed,uw,uw
2002-06-29T18:49:58.830Z,45.3423333,-121.6798333,4.959,3.8,md,40,46,0.09478,0.28,uw,uw10570363,2022-06-18T05:25:54.929Z,"7 km NE of Government Camp, Oregon",earthquake,0.637,1.14,0.03,12,reviewed,uw,uw
2002-06-29T14:41:21.270Z,45.3275,-121.6815,1.299,3.2,md,4,150,0.08636,0.04,uw,uw10569568,2016-07-23T01:06:50.750Z,"6 km ENE of Government Camp, Oregon",earthquake,0.286,0.03,0.01,2,reviewed,uw,uw
2002-06-29T14:36:04.790Z,45.3348333,-121.6863333,4.915,4.5,md,41,37,,0.27,uw,uw10569358,2022-06-18T05:24:13.541Z,"6 km ENE of Government Camp, Oregon",earthquake,0.071,0.11,0.03,50,reviewed,uw,uw
2002-05-14T21:54:14.820Z,44.2461667,-120.8961667,-1.627,2.7,md,9,140,0.1977,0.34,uw,uw10554633,2016-07-23T01:03:25.870Z,"7 km SW of Prineville, Oregon",explosion,0.294,5.59,0.05,2,reviewed,uw,uw
2002-05-06T13:08:27.270Z,45.3295,-121.6878333,3.614,2.5,md,18,134,0.08331,0.23,uw,uw10551778,2016-07-23T01:02:49.240Z,"5 km ENE of Government Camp, Oregon",earthquake,0.789,1.4,0.03,6,reviewed,uw,uw
2002-05-06T11:21:58.040Z,45.3296667,-121.688,4.164,2.8,md,28,91,0.08328,0.23,uw,uw10551588,2016-07-23T01:02:42.990Z,"5 km ENE of Government Camp, Oregon",earthquake,0.631,1.06,0.03,18,reviewed,uw,uw
2002-05-06T04:47:53.250Z,45.3245,-121.6856667,3.884,2.5,md,18,92,0.08242,0.22,uw,uw10551388,2016-07-23T01:02:39.190Z,"5 km ENE of Government Camp, Oregon",earthquake,0.732,1.27,0.02,11,reviewed,uw,uw
2002-03-18T22:29:22.970Z,44.2591667,-120.8946667,-1.801,2.5,md,7,139,0.1853,0.98,uw,uw10553018,2016-07-23T00:57:12.910Z,"6 km SW of Prineville, Oregon",explosion,0.784,15.93,0.06,1,reviewed,uw,uw
2001-12-03T07:19:55.330Z,45.3348333,-121.7343333,4.015,2.6,md,29,47,0.06057,0.32,uw,uw10548068,2016-07-23T00:53:47.930Z,"3 km NNE of Government Camp, Oregon",earthquake,0.85,1.41,0.04,5,reviewed,uw,uw
2001-09-15T12:21:09.640Z,45.3058333,-121.7293333,2.821,2.5,md,21,90,0.04677,0.28,uw,uw10542138,2016-07-23T00:46:12.850Z,"2 km E of Government Camp, Oregon",earthquake,0.757,1.83,0.03,9,reviewed,uw,uw
2001-09-14T11:22:57.980Z,45.3071667,-121.7306667,3.731,2.9,md,34,70,0.04638,0.28,uw,uw10540983,2016-07-23T00:46:05.610Z,"1 km E of Government Camp, Oregon",earthquake,0.636,0.99,0.02,22,reviewed,uw,uw
2001-07-20T07:38:24.060Z,43.5251667,-121.7398333,6.48,2.6,md,16,159,,0.25,uw,uw10540738,2016-07-23T00:42:14.920Z,"24 km SW of La Pine, Oregon",earthquake,0.081,,0.06,6,reviewed,uw,uw
2001-05-06T15:11:07.040Z,45.2393333,-123.5106667,51.481,2.88,md,37,165,,0.19,uw,uw10521773,2016-07-23T00:34:48.530Z,"17 km N of Willamina, Oregon",earthquake,0.71,1.44,0.204,42,reviewed,uw,uw
2000-12-30T01:52:59.480Z,44.738,-123.1896667,61.944,3.1,md,18,118,,0.18,uw,uw10517913,2016-07-23T00:23:35.950Z,"7 km NNE of Adair Village, Oregon",earthquake,0.9,1.52,0.235,43,reviewed,uw,uw
2000-10-17T00:32:35.570Z,43.9436667,-120.9471667,11.215,2.6,md,8,134,0.1431,0.13,uw,uw10506588,2016-07-23T00:16:25.820Z,"32 km ESE of Bend, Oregon",explosion,0.943,1.61,0.08,3,reviewed,uw,uw
2000-07-25T11:22:51.370Z,45.3371667,-121.6758333,4.631,2.6,md,38,48,0.09444,0.3,uw,uw10511763,2016-07-23T00:02:58.550Z,"7 km ENE of Government Camp, Oregon",earthquake,0.644,1.13,0.08,6,reviewed,uw,uw
2000-07-17T21:58:41.630Z,44.2581667,-124.1953333,8.572,2.73,md,10,194,0.4814,0.39,uw,uw10506553,2016-07-23T00:02:27.020Z,"9 km SW of Yachats, Oregon",earthquake,1.64,26.31,0.121,23,reviewed,uw,uw
2000-04-28T23:38:56.590Z,44.7436667,-121.2198333,-1.547,2.7,md,16,106,0.2898,0.43,uw,uw10497963,2016-07-22T23:53:43.700Z,"4 km ESE of Warm Springs, Oregon",explosion,0.177,4.44,0.04,5,reviewed,uw,uw
2000-01-18T00:40:47.050Z,43.915,-120.8643333,5.084,2.8,md,9,206,0.2902,0.41,uw,uw10487773,2016-07-22T23:46:12.450Z,"39 km ESE of Bend, Oregon",explosion,5.013,0.07,0.15,1,reviewed,uw,uw
1999-12-22T23:56:45.260Z,44.365,-121.0445,-1.557,2.8,md,11,120,0.09681,0.41,uw,uw10488178,2016-07-23T19:13:59.050Z,"10 km E of Terrebonne, Oregon",explosion,0.312,1.78,0.04,2,reviewed,uw,uw
1999-12-03T20:54:12.710Z,45.1705,-122.5753333,-1.259,2.5,md,5,211,0.2151,0.22,uw,uw10483873,2016-07-23T19:13:03.750Z,"2 km N of Molalla, Oregon",explosion,0.153,0.13,0.04,3,reviewed,uw,uw
1999-11-25T14:46:15.630Z,45.1168333,-122.7808333,27.826,3.4,md,49,94,,0.34,uw,uw10487948,2016-07-23T19:12:03.410Z,"5 km NNE of Mount Angel, Oregon",earthquake,0.839,0.81,0.05,17,reviewed,uw,uw
1999-11-21T11:33:45.870Z,45.4656667,-122.0751667,12.598,2.6,md,49,65,,0.27,uw,uw10487328,2016-07-23T19:11:49.420Z,"14 km NNW of Mount Hood Village, Oregon",earthquake,0.495,1.27,0.04,8,reviewed,uw,uw
1999-11-05T09:51:41.680Z,44.1498333,-122.9041667,-1.192,2.57,md,11,77,0.2832,0.38,uw,uw10483268,2016-07-23T19:10:53.850Z,"13 km E of Coburg, Oregon",explosion,1.06,31.61,0.339,5,reviewed,uw,uw
1999-07-16T21:34:03.740Z,45.6488333,-122.7695,17.476,3.1,md,37,62,,0.14,uw,uw10475303,2016-07-23T19:00:39.650Z,"6 km NW of North Portland, Oregon",earthquake,0.354,0.7,0.03,8,reviewed,uw,uw
1999-06-03T19:24:33.510Z,44.7495,-120.9778333,-1.365,2.7,md,8,136,0.2333,0.26,uw,uw10472688,2016-07-23T18:58:42.440Z,"17 km NE of Madras, Oregon",earthquake,0.189,4,0.05,2,reviewed,uw,uw
1999-05-27T22:05:01.480Z,44.2695,-120.8941667,-1.794,2.9,md,12,138,0.1754,0.14,uw,uw10481373,2016-07-23T18:58:22.000Z,"5 km SW of Prineville, Oregon",explosion,0.054,1.18,0.04,6,reviewed,uw,uw
1999-05-10T22:22:49.620Z,44.652,-121.1476667,-1.32,3,md,15,115,0.2528,0.19,uw,uw10476098,2016-07-23T18:57:42.560Z,"2 km NW of Madras, Oregon",explosion,0.05,1.19,0.05,8,reviewed,uw,uw
1999-04-17T19:56:04.050Z,45.124,-122.8555,19.275,2.71,md,32,101,0.3873,0.36,uw,uw10498568,2016-07-23T18:53:23.520Z,"2 km S of Woodburn, Oregon",earthquake,0.63,31.61,0.121,42,reviewed,uw,uw
1999-02-24T16:45:17.200Z,45.1208333,-122.6795,34.148,3.6,ml,26,100,0.2905,0.26,uw,uw10472148,2016-07-23T18:51:30.940Z,"8 km WSW of Molalla, Oregon",earthquake,0.73,0.58,0.105,2,reviewed,uw,uw
1999-02-18T20:23:30.050Z,44.397,-121.0163333,3.635,2.9,md,6,241,0.05956,0.17,uw,uw10471498,2016-07-23T18:51:24.190Z,"13 km ENE of Terrebonne, Oregon",explosion,4.05,2.09,0.05,3,reviewed,uw,uw
1999-02-15T15:37:07.610Z,45.3195,-121.6563333,6.065,2.6,md,29,71,0.09996,0.38,uw,uw10470948,2016-07-23T18:51:17.080Z,"7 km ENE of Government Camp, Oregon",earthquake,0.877,1.28,0.05,9,reviewed,uw,uw
1999-01-31T11:33:32.490Z,42.7733333,-124.6865,24.192,2.6,md,14,238,0.2774,0.35,uw,uw10473788,2016-07-23T18:50:53.810Z,"15 km W of Port Orford, Oregon",earthquake,2.64,1.23,0.06,5,reviewed,uw,uw
1999-01-14T16:13:42.320Z,45.3241667,-121.6638333,4.491,3,md,23,80,0.09649,0.23,uw,uw10471173,2016-07-23T18:50:01.260Z,"7 km ENE of Government Camp, Oregon",earthquake,0.078,0.13,0.04,13,reviewed,uw,uw
1999-01-14T11:56:47.020Z,45.3303333,-121.6698333,6.131,3.2,md,36,63,,0.33,uw,uw10470883,2016-07-23T18:49:56.270Z,"7 km ENE of Government Camp, Oregon",earthquake,0.686,1.06,0.06,9,reviewed,uw,uw
1999-01-11T22:04:14.590Z,45.3195,-121.6545,5.491,3.2,md,39,67,0.1012,0.24,uw,uw10469328,2016-07-23T18:49:33.570Z,"8 km ENE of Government Camp, Oregon",earthquake,0.509,0.79,0.04,11,reviewed,uw,uw
1999-01-11T16:54:11.960Z,45.3231667,-121.6543333,5.591,3,md,36,37,0.1024,0.21,uw,uw10469013,2016-07-23T18:49:28.720Z,"8 km ENE of Government Camp, Oregon",earthquake,0.042,0.07,0.04,10,reviewed,uw,uw
1999-01-11T13:48:46.290Z,45.3245,-121.6555,6.111,2.5,md,39,66,0.1021,0.42,uw,uw10468703,2016-07-23T18:49:22.720Z,"8 km ENE of Government Camp, Oregon",earthquake,0.806,1.19,0.05,13,reviewed,uw,uw
1998-09-10T21:56:41.730Z,44.6616667,-121.1383333,1.535,2.9,md,9,118,0.2575,0.15,uw,uw10456618,2016-07-23T18:36:10.030Z,"3 km NNW of Madras, Oregon",earthquake,0.75,7.04,0.05,3,reviewed,uw,uw
1998-08-12T18:45:03.930Z,45.6381667,-122.8103333,1.426,2.6,md,14,102,0.06681,0.19,uw,uw10447748,2016-07-23T18:29:44.670Z,"8 km WNW of North Portland, Oregon",earthquake,0.828,1.66,0.08,3,reviewed,uw,uw
1998-07-31T21:30:32.880Z,44.345,-120.9423333,-1.67,2.5,md,6,240,0.09456,0.28,uw,uw10469208,2016-07-23T18:28:20.650Z,"9 km WNW of Prineville, Oregon",earthquake,1.374,4.29,0.1,2,reviewed,uw,uw
1998-04-10T07:12:17.870Z,45.3548333,-121.6961667,3.81,2.6,md,27,54,0.09366,0.29,uw,uw10435973,2016-07-23T18:04:36.430Z,"7 km NE of Government Camp, Oregon",earthquake,0.113,0.22,0.07,10,reviewed,uw,uw
1998-04-01T20:27:36.280Z,44.1613333,-120.9243333,-1.679,3.1,md,12,167,0.2786,0.21,uw,uw10432358,2016-07-23T18:04:01.300Z,"16 km SSW of Prineville, Oregon",explosion,0.179,0.28,0.09,7,reviewed,uw,uw
1998-02-05T17:32:38.100Z,45.3206667,-121.728,5.053,2.5,md,24,62,0.0545,0.34,uw,uw10432583,2016-07-23T18:00:44.490Z,"2 km NE of Government Camp, Oregon",earthquake,0.778,1.05,0.07,9,reviewed,uw,uw
1998-02-05T05:59:52.490Z,45.3103333,-121.7208333,4.195,2.6,md,27,51,0.054,0.24,uw,uw10432263,2016-07-23T18:00:37.920Z,"2 km ENE of Government Camp, Oregon",earthquake,0.057,0.08,0.05,14,reviewed,uw,uw
1997-11-21T22:32:40.480Z,44.271,-120.8945,-1.832,2.6,md,12,157,0.1739,0.33,uw,uw10429948,2016-07-23T17:52:28.490Z,"5 km SW of Prineville, Oregon",explosion,0.156,3.74,0.03,6,reviewed,uw,uw
1997-07-16T21:38:44.500Z,45.02,-121.8785,2.254,2.6,md,8,88,0.2098,0.45,uw,uw10425528,2016-07-23T17:41:36.390Z,"29 km SSW of Wapanitia, Oregon",earthquake,9.652,99.9,0.05,3,reviewed,uw,uw
1997-05-22T13:57:10.520Z,44.0658333,-122.5196667,6.704,2.6,md,21,60,0.2476,0.32,uw,uw10419093,2016-07-23T17:37:58.400Z,"23 km ENE of Unity, Oregon",earthquake,0.675,,0.09,8,reviewed,uw,uw
1996-09-07T21:34:05.030Z,45.6041667,-122.4353333,-0.768,2.8,md,18,99,0.1431,0.34,uw,uw10401143,2016-07-23T17:17:31.310Z,"3 km NW of Camas, Washington",explosion,0.297,2.52,0.11,3,reviewed,uw,uw
1996-09-01T20:31:12.630Z,44.411,-124.834,10,2.7,md,,,,0.7,us,usp0007paw,2016-07-23T17:17:06.240Z,"59 km W of Yachats, Oregon",earthquake,,,,,reviewed,us,sea
1996-08-13T23:19:33.910Z,44.8331667,-120.9108333,-1.138,2.8,md,7,147,0.1596,0.45,uw,uw10401753,2016-07-23T17:16:01.140Z,"17 km WSW of Antelope, Oregon",explosion,0.419,7.69,0.07,1,reviewed,uw,uw
1996-08-09T00:39:53.740Z,45.6011667,-122.433,2.62,2.5,md,11,176,0.1403,0.27,uw,uw10399688,2016-07-23T17:15:45.020Z,"3 km WNW of Camas, Washington",explosion,1.506,2.13,0.08,5,reviewed,uw,uw
1996-08-02T11:46:19.130Z,44.9993333,-122.6671667,28.715,3.53,ml,43,89,0.2047,0.29,uw,uw10396923,2016-07-23T17:15:22.540Z,"4 km S of Scotts Mills, Oregon",earthquake,0.54,0.59,0.128,4,reviewed,uw,uw
1996-08-01T00:20:19.250Z,45.6026667,-122.4475,5.07,2.6,md,9,181,0.1411,0.14,uw,uw10396448,2016-07-23T17:15:16.780Z,"4 km WNW of Camas, Washington",explosion,1.432,1.42,0.08,5,reviewed,uw,uw
1996-05-06T23:56:06.970Z,44.3116667,-121.0055,0.174,3,md,10,223,0.1319,0.58,uw,uw10399748,2016-07-23T17:05:29.940Z,"13 km W of Prineville, Oregon",explosion,12.845,16.85,0.09,5,reviewed,uw,uw
1996-04-07T13:17:14.600Z,45.3588333,-121.7153333,3.235,3,md,42,63,0.1072,0.32,uw,uw10390958,2016-07-23T17:01:50.660Z,"6 km NNE of Government Camp, Oregon",earthquake,0.718,1.54,0.06,12,reviewed,uw,uw
1995-06-23T03:08:24.360Z,45.6056667,-122.4255,0.122,2.8,md,19,75,0.1454,0.18,uw,uw10376283,2016-07-23T16:35:00.160Z,"2 km NW of Camas, Washington",explosion,0.122,0.23,0.07,7,reviewed,uw,uw
1995-06-07T22:29:31.200Z,45.6015,-122.4171667,-0.95,2.5,md,14,136,0.1423,0.18,uw,uw10368808,2016-07-23T16:30:41.000Z,"2 km NW of Camas, Washington",explosion,0.192,0.39,0.09,5,reviewed,uw,uw
1995-03-13T04:51:34.510Z,44.617,-122.807,23.505,3.02,md,32,70,0.3429,0.29,uw,uw10364873,2016-07-23T16:25:21.840Z,"6 km NW of Lacomb, Oregon",earthquake,0.46,0.9,0.257,48,reviewed,uw,uw
1995-02-08T09:10:27.960Z,45.1396667,-122.7086667,24.265,3.82,md,42,71,0.3094,0.44,uw,uw10362653,2016-07-23T16:23:50.360Z,"9 km ESE of Hubbard, Oregon",earthquake,0.85,31.61,0.278,72,reviewed,uw,uw
1994-12-29T00:22:16.810Z,42.9035,-122.1133333,-0.601,2.6,md,27,110,0.4165,0.18,uw,uw10361593,2016-07-24T00:40:03.540Z,"35 km ENE of Prospect, Oregon",earthquake,0.763,1.1,0.11,4,reviewed,uw,uw
1994-04-30T23:01:27.020Z,45.0398333,-122.6138333,21.261,2.8,md,41,67,0.2134,0.32,uw,uw10351963,2016-07-24T00:18:04.920Z,"4 km E of Scotts Mills, Oregon",earthquake,0.758,2.03,0.06,9,reviewed,uw,uw
1993-09-29T11:01:14.950Z,42.4613333,-122.0801667,-1.476,2.8,md,16,278,,0.3,uw,uw10319078,2016-07-23T23:31:42.760Z,"21 km SW of Chiloquin, Oregon",earthquake,0.44,0.29,0.03,4,reviewed,uw,uw
1993-09-22T05:53:42.480Z,42.452,-122.027,5,2.5,md,,,,0.1,us,usp00060uf,2014-11-07T00:54:01.137Z,"19 km SW of Chiloquin, Oregon",earthquake,,,,,reviewed,us,gs$
1993-09-22T04:25:08.430Z,42.42,-122.072,5,2.5,md,,,,0.5,us,usp00060u6,2014-11-07T00:54:01.072Z,"24 km SW of Chiloquin, Oregon",earthquake,,,,,reviewed,us,sea
1993-09-21T19:43:34.560Z,42.547,-122.053,5,2.6,md,,,,0.2,us,usp00060tf,2014-11-07T00:54:01.032Z,"15 km WSW of Chiloquin, Oregon",earthquake,,,,,reviewed,us,gs$
1993-09-21T08:18:25.270Z,42.4555,-122.0655,-1.66,2.5,md,8,278,0.6262,0.31,uw,uw10313968,2016-07-23T23:30:35.200Z,"21 km SW of Chiloquin, Oregon",earthquake,0.555,0.35,0.05,4,reviewed,uw,uw
1993-09-21T08:01:26.120Z,42.4805,-122.0555,-1.66,2.9,md,6,314,0.6147,0.26,uw,uw10313963,2016-07-23T23:30:34.910Z,"18 km SW of Chiloquin, Oregon",earthquake,0.502,0.31,0.04,1,reviewed,uw,uw
1993-09-21T07:50:29.660Z,42.4371667,-122.0461667,6.32,2.5,md,6,315,0.6492,0.23,uw,uw10313958,2016-07-23T23:30:34.570Z,"21 km SW of Chiloquin, Oregon",earthquake,9.096,7.61,0.09,2,reviewed,uw,uw
1993-09-21T06:23:56.940Z,42.4293333,-122.0283333,-1.63,2.5,md,7,297,0.6642,0.4,uw,uw10313863,2016-07-23T23:30:26.590Z,"21 km SW of Chiloquin, Oregon",earthquake,1.415,0.86,0.05,3,reviewed,uw,uw
1993-09-21T04:55:29.720Z,42.4245,-122.0683333,-1.66,3.2,md,8,280,0.6466,0.31,uw,uw10313798,2016-07-23T23:30:19.920Z,"23 km SW of Chiloquin, Oregon",earthquake,0.924,0.6,0.04,1,reviewed,uw,uw
1993-08-28T21:25:39.920Z,45.0421667,-122.6261667,21.111,2.8,md,43,68,0.2199,0.37,uw,uw10313503,2016-07-23T23:28:45.520Z,"3 km E of Scotts Mills, Oregon",earthquake,0.793,2.61,0.02,11,reviewed,uw,uw
1993-08-19T00:12:48.310Z,45.6336667,-122.8828333,20.501,2.5,md,41,48,0.08889,0.18,uw,uw10312423,2016-07-23T23:28:05.660Z,"8 km N of Bethany, Oregon",earthquake,0.375,0.8,0.25,37,reviewed,uw,uw
1993-07-15T23:37:15.730Z,45.0291667,-122.5923333,16.301,2.5,md,41,66,0.1966,0.37,uw,uw10310038,2016-07-23T23:25:34.890Z,"Washington-Oregon border region",earthquake,0.778,2.65,0.03,40,reviewed,uw,uw
1993-06-08T00:01:25.250Z,45.0301667,-122.5965,19.361,3.7,md,39,67,0.1989,0.39,uw,uw10307658,2016-07-23T23:20:15.060Z,"5 km ESE of Scotts Mills, Oregon",earthquake,0.99,2.97,0.03,16,reviewed,uw,uw
1993-06-02T21:09:52.270Z,45.0388333,-122.609,10.971,2.8,md,37,67,0.2108,0.37,uw,uw10306788,2016-07-23T23:19:57.400Z,"4 km E of Scotts Mills, Oregon",earthquake,0.884,4.97,0.03,30,reviewed,uw,uw
1993-03-27T14:38:58.120Z,45.0411667,-122.6133333,19.428,2.7,md,42,67,0.2143,0.4,uw,uw10307678,2016-07-23T23:16:20.170Z,"4 km E of Scotts Mills, Oregon",earthquake,0.835,2.57,0.04,22,reviewed,uw,uw
1993-03-26T17:39:21.560Z,45.0476667,-122.633,20.368,3.1,md,43,68,0.2271,0.38,uw,uw10307403,2016-07-23T23:16:10.770Z,"2 km E of Scotts Mills, Oregon",earthquake,0.841,2.83,0.03,36,reviewed,uw,uw
1993-03-26T16:54:31.570Z,45.0363333,-122.6166667,13.128,3,md,43,68,0.2114,0.35,uw,uw10307328,2016-07-23T23:16:08.470Z,"4 km E of Scotts Mills, Oregon",earthquake,0.672,3.04,0.03,29,reviewed,uw,uw
1993-03-26T08:00:05.320Z,45.0343333,-122.6158333,15.668,2.8,md,43,68,0.2094,0.36,uw,uw10307183,2016-07-23T23:16:04.000Z,"4 km ESE of Scotts Mills, Oregon",earthquake,0.764,2.57,0.05,35,reviewed,uw,uw
1993-03-26T05:18:26.150Z,45.0305,-122.6076667,16.218,2.8,md,35,67,0.2031,0.33,uw,uw10307123,2016-07-23T23:16:02.560Z,"4 km ESE of Scotts Mills, Oregon",earthquake,0.694,2.21,0.04,14,reviewed,uw,uw
1993-03-25T21:03:59.740Z,45.039,-122.6148333,19.678,2.6,md,42,67,0.213,0.42,uw,uw10306928,2016-07-23T23:15:53.130Z,"4 km E of Scotts Mills, Oregon",earthquake,0.721,3.12,0.04,47,reviewed,uw,uw
1993-03-25T15:35:12.250Z,45.0325,-122.6056667,13.368,3.2,md,42,67,0.2041,0.34,uw,uw10306518,2016-07-23T23:15:34.720Z,"5 km ESE of Scotts Mills, Oregon",earthquake,0.693,2.61,0.03,36,reviewed,uw,uw
1993-03-25T14:20:56.070Z,45.027,-122.6025,18.868,3,md,39,67,0.1982,0.35,uw,uw10306438,2016-07-23T23:15:31.820Z,"5 km ESE of Scotts Mills, Oregon",earthquake,0.785,2.54,0.02,21,reviewed,uw,uw
1993-03-25T13:34:35.440Z,45.0351667,-122.6065,19.608,5.6,md,40,67,0.2067,0.39,uw,uw10306313,2022-04-28T18:19:30.298Z,"4 km E of Scotts Mills, Oregon",earthquake,0.934,2.84,,2,reviewed,uw,uw
1992-11-04T12:01:35.730Z,45.1138333,-122.685,30.352,2.5,md,46,70,0.2952,0.36,uw,uw10301418,2016-07-23T23:06:15.030Z,"7 km N of Scotts Mills, Oregon",earthquake,0.704,1.2,0.03,32,reviewed,uw,uw
1992-07-04T15:01:34.700Z,44.5156667,-124.7428333,20.377,2.9,md,13,256,0.8514,0.35,uw,uw10291708,2016-07-23T22:59:13.440Z,"54 km W of Waldport, Oregon",earthquake,2.123,2.29,0.05,10,reviewed,uw,uw
1992-07-04T02:16:37.240Z,44.5143333,-124.7328333,23.497,2.5,md,14,255,0.8442,0.51,uw,uw10291583,2016-07-23T22:56:12.430Z,"53 km W of Waldport, Oregon",earthquake,3.874,3.49,0.12,4,reviewed,uw,uw
1992-07-03T16:23:16.530Z,44.5155,-124.7821667,21.037,3.6,md,14,257,0.8795,0.29,uw,uw10291408,2016-07-23T22:56:09.670Z,"57 km W of Waldport, Oregon",earthquake,1.804,1.29,0.07,6,reviewed,uw,uw
1992-06-06T21:03:20.130Z,44.1228333,-122.8418333,0.512,2.7,md,25,55,,0.38,uw,uw10292893,2016-07-23T22:54:12.360Z,"16 km ENE of Springfield, Oregon",earthquake,1.077,3.02,0.07,13,reviewed,uw,uw
1992-05-02T19:11:41.180Z,44.0045,-122.8376667,2.508,2.6,md,9,72,0.3575,0.2,uw,uw10291833,2016-07-23T22:51:50.220Z,"8 km NW of Unity, Oregon",explosion,0.882,2.62,0.04,3,reviewed,uw,uw
1992-03-24T23:48:22.260Z,44.123,-122.8293333,0.472,2.9,md,25,54,,0.41,uw,uw10290373,2016-07-23T22:49:05.070Z,"17 km ENE of Springfield, Oregon",earthquake,0.933,2.17,0.05,17,reviewed,uw,uw
1991-11-03T01:30:48.850Z,45.6215,-122.5476667,15.022,2.5,md,38,67,0.1728,0.16,uw,uw10283678,2016-07-23T22:38:22.500Z,"4 km WSW of Mill Plain, Washington",earthquake,0.361,0.75,0.06,15,reviewed,uw,uw
1991-10-21T00:51:01.120Z,45.6311667,-122.8871667,19.77,3,md,42,48,,0.25,uw,uw10282588,2016-07-23T22:37:36.790Z,"8 km N of Bethany, Oregon",earthquake,0.531,1.4,0.01,15,reviewed,uw,uw
1991-10-18T19:57:38.810Z,45.6331667,-122.8615,18.08,2.8,md,38,47,0.08524,0.14,uw,uw10281998,2016-07-23T22:37:26.420Z,"8 km N of Bethany, Oregon",earthquake,0.312,0.61,0.04,15,reviewed,uw,uw
1991-10-18T02:49:51.890Z,45.6328333,-122.896,19.539,3.1,md,35,83,,0.18,uw,uw10281713,2016-07-23T22:37:18.530Z,"8 km ENE of North Plains, Oregon",earthquake,0.511,1.53,0.05,39,reviewed,uw,uw
1991-10-02T09:10:01.390Z,45.6575,-123.193,7.027,2.5,md,26,73,0.21,0.25,uw,uw10277653,2016-07-23T22:36:19.710Z,"7 km NW of Banks, Oregon",explosion,1.054,2.98,0.12,3,reviewed,uw,uw
1991-09-28T07:08:01.380Z,44.3783333,-123.3005,3.699,2.5,md,17,139,0.5222,0.23,uw,uw10282603,2016-07-23T22:36:00.720Z,"4 km ENE of Bellfountain, Oregon",explosion,1.245,99.9,0.06,7,reviewed,uw,uw
1991-08-02T22:09:02.420Z,45.2316667,-121.3246667,-1.362,2.5,md,19,65,0.132,0.19,uw,uw10274748,2016-07-23T22:28:17.370Z,"2 km WSW of Pine Hollow, Oregon",explosion,0.057,1.5,0.06,4,reviewed,uw,uw
1991-07-27T04:01:51.270Z,45.6338333,-122.8651667,19.419,2.8,md,37,129,0.08735,0.18,uw,uw10282268,2016-07-23T22:27:46.060Z,"8 km N of Bethany, Oregon",earthquake,0.468,0.98,0.03,26,reviewed,uw,uw
1991-07-22T09:04:38.570Z,45.6378333,-122.8693333,19.139,3.5,md,39,73,0.0923,0.18,uw,uw10281053,2016-07-23T22:27:13.570Z,"8 km N of Bethany, Oregon",earthquake,0.546,1.05,0.01,15,reviewed,uw,uw
1991-07-13T05:18:59.820Z,42.992,-124.759,10,2.9,mb,,,,0.6,us,usp0004u3b,2014-11-07T00:48:54.650Z,"26 km WNW of Langlois, Oregon",earthquake,,,,1,reviewed,us,us
1991-06-21T01:07:05.200Z,45.1008333,-122.6355,28.318,2.6,md,37,141,0.263,0.36,uw,uw10278528,2016-07-23T22:25:27.650Z,"6 km SW of Molalla, Oregon",earthquake,1.17,0.99,0.05,20,reviewed,uw,uw
1991-04-10T23:59:04.660Z,45.6235,-122.5661667,1.202,2.7,md,7,120,0.1662,0.55,uw,uw10272943,2016-07-23T22:18:57.160Z,"4 km S of Orchards, Washington",explosion,0.528,1.61,0.12,1,reviewed,uw,uw
1991-03-29T21:59:03.310Z,45.5993333,-122.4351667,4.105,2.5,md,5,194,0.1383,0.02,uw,uw10273728,2016-07-23T22:18:32.150Z,"3 km WNW of Camas, Washington",explosion,0.19,0.22,0.14,3,reviewed,uw,uw
1991-03-05T08:41:25.840Z,45.7865,-122.6795,19.12,3.1,md,28,70,0.2338,0.13,uw,uw10269203,2016-07-23T22:17:04.700Z,"5 km ESE of Ridgefield, Washington",earthquake,0.43,1.34,0.03,10,reviewed,uw,uw
1990-10-19T14:13:58.160Z,45.341,-121.6858333,4.611,3.5,md,42,54,0.09053,0.3,uw,uw10268373,2016-07-23T22:09:53.600Z,"6 km NE of Government Camp, Oregon",earthquake,0.594,1.06,0.06,25,reviewed,uw,uw
1990-08-14T19:07:19.970Z,45.113,-122.8768333,29.074,2.5,md,35,83,0.4567,0.26,uw,uw10263493,2016-07-23T22:02:30.780Z,"1 km ENE of Gervais, Oregon",earthquake,0.085,0.09,0.07,18,reviewed,uw,uw
1990-04-06T04:56:53.580Z,45.4688333,-123.5218333,42.133,3.14,md,7,143,0.1542,0.26,uw,uw10255288,2016-07-23T21:50:09.130Z,"25 km E of Tillamook, Oregon",earthquake,1.3,1.35,0.351,46,reviewed,uw,uw
1989-09-15T10:28:00.840Z,45.3726667,-121.7068333,3.791,3.5,md,41,38,,0.29,uw,uw10248253,2016-07-24T21:09:16.720Z,"8 km NNE of Government Camp, Oregon",earthquake,0.628,1.16,0.04,30,reviewed,uw,uw
1989-09-15T03:04:44.440Z,45.267,-121.745,-1.349,2.8,md,31,77,0.03991,0.28,uw,uw10247888,2016-07-24T21:09:11.460Z,"2 km WNW of Wapanitia, Oregon",explosion,0.736,0.77,0.06,3,reviewed,uw,uw
1989-08-01T23:25:17.580Z,45.609,-122.457,13.518,3.7,md,43,74,,0.21,uw,uw10245458,2016-07-24T21:06:14.770Z,"4 km SE of Mill Plain, Washington",earthquake,0.677,1.65,0.02,34,reviewed,uw,uw
1989-06-11T12:00:32.920Z,44.477,-124.895,10,4.1,mb,,,,0.8,us,usp0003w66,2016-07-24T21:00:38.010Z,"65 km WNW of Yachats, Oregon",earthquake,,,,1,reviewed,us,us
1989-04-01T03:01:42.440Z,44.4176667,-124.1768333,29.245,2.83,md,17,314,1.311,0.65,uw,uw10238853,2016-07-24T20:56:03.680Z,"8 km W of Waldport, Oregon",earthquake,3.08,5.3,0.088,26,reviewed,uw,uw
1988-11-06T23:07:24.430Z,45.1046667,-122.722,25.32,2.5,md,38,168,0.3225,0.27,uw,uw10235163,2016-07-24T20:45:03.120Z,"7 km ENE of Mount Angel, Oregon",earthquake,0.962,1.48,0.05,24,reviewed,uw,uw
1988-09-22T03:00:51.680Z,45.2128333,-121.5516667,-1.372,2.6,md,23,74,0.1211,0.26,uw,uw10235593,2016-07-24T20:42:48.370Z,"13 km ESE of Wapanitia, Oregon",explosion,0.085,0.17,0.09,5,reviewed,uw,uw
1988-08-19T20:14:24.100Z,45.2145,-121.5528333,-1.372,2.5,md,16,74,0.1201,0.19,uw,uw10236423,2016-07-24T20:41:20.000Z,"13 km ESE of Wapanitia, Oregon",explosion,0.05,0.39,0.07,3,reviewed,uw,uw
1988-05-15T04:22:14.840Z,45.375,-121.7068333,5.356,2.5,md,50,100,0.09013,0.36,uw,uw10230953,2016-07-24T20:33:41.760Z,"8 km NNE of Government Camp, Oregon",earthquake,0.798,1.2,0.1,11,reviewed,uw,uw
1987-11-06T00:39:03.120Z,44.6588333,-121.1576667,-1.487,2.5,md,12,89,0.2624,0.33,uw,uw10224723,2016-07-24T20:25:38.590Z,"3 km NW of Madras, Oregon",explosion,1.395,1.98,0.1,2,reviewed,uw,uw
1987-10-02T02:33:01.500Z,45.7343333,-122.581,18.132,2.6,md,44,60,,0.19,uw,uw10223158,2016-07-24T20:21:09.130Z,"2 km W of Brush Prairie, Washington",earthquake,0.52,1.26,0.05,21,reviewed,uw,uw
1987-06-30T02:04:26.950Z,44.9645,-120.9928333,7.971,2.8,md,22,133,0.374,0.35,uw,uw10223063,2016-07-24T20:15:28.760Z,"19 km WSW of Shaniko, Oregon",earthquake,1.082,3.72,0.1,9,reviewed,uw,uw
1985-11-22T22:27:02.340Z,45.1378333,-122.6161667,24.337,3,md,47,107,,0.37,uw,uw10200148,2016-07-24T19:43:31.710Z,"3 km WSW of Molalla, Oregon",earthquake,1.379,0.91,0.08,19,reviewed,uw,uw
1985-06-22T02:36:58.140Z,44.8246667,-121.1561667,21.882,2.8,md,18,166,0.4966,0.35,uw,uw10198378,2016-07-24T19:33:30.510Z,"11 km NE of Warm Springs, Oregon",earthquake,1.929,1.34,0.14,5,reviewed,uw,uw
1985-06-07T09:19:09.640Z,45.6843333,-122.7833333,19.028,2.8,md,31,73,,0.17,uw,uw10196863,2016-07-24T19:32:37.820Z,"6 km WSW of Felida, Washington",earthquake,0.531,1.24,0.1,18,reviewed,uw,uw
1985-04-11T20:00:37.340Z,45.1588333,-122.7335,25.453,2.7,md,27,198,0.3613,0.35,uw,uw10186848,2016-07-24T19:21:38.100Z,"6 km ESE of Hubbard, Oregon",earthquake,2.058,1.11,0.08,13,reviewed,uw,uw
1984-12-11T06:34:49.240Z,45.4776667,-122.7948333,24.927,2.5,md,38,200,,0.24,uw,uw10182053,2016-07-24T23:36:02.900Z,"1 km SSE of Beaverton, Oregon",earthquake,1.181,0.55,0.07,5,reviewed,uw,uw
1984-11-17T12:33:35.930Z,45.0546667,-122.5053333,19.26,2.5,md,44,215,0.4086,0.36,uw,uw10183113,2016-07-24T23:35:25.820Z,"11 km SSE of Molalla, Oregon",earthquake,2.717,1.1,0.11,5,reviewed,uw,uw
1984-05-07T07:12:02.220Z,45.3125,-121.5936667,14.574,2.9,md,43,105,0.1626,0.38,uw,uw10174293,2016-07-24T23:25:32.270Z,"11 km NE of Wapanitia, Oregon",earthquake,1.092,1.39,0.12,14,reviewed,uw,uw
1984-03-04T11:01:09.780Z,45.048,-122.6593333,11.983,2.8,md,34,234,0.2962,0.33,uw,uw10171913,2016-07-24T23:21:45.880Z,"0 km NE of Scotts Mills, Oregon",earthquake,2.315,2.24,0.11,7,reviewed,uw,uw
1983-12-01T21:39:07.050Z,45.2143333,-122.5728333,18.394,2.6,md,30,196,,0.3,uw,uw10168043,2016-07-24T23:14:48.470Z,"1 km SE of Mulino, Oregon",earthquake,1.342,1.26,0.17,5,reviewed,uw,uw
1983-05-11T20:20:27.570Z,45.6188333,-122.833,-0.859,2.6,md,24,228,,0.19,uw,uw10160603,2016-07-24T23:02:17.170Z,"7 km NNE of Bethany, Oregon",earthquake,0.17,0.16,0.08,5,reviewed,uw,uw
1983-02-23T05:39:44.480Z,45.3666667,-121.7041667,3.521,2.7,md,32,112,,0.37,uw,uw10152633,2016-07-24T22:58:08.170Z,"8 km NNE of Government Camp, Oregon",earthquake,2.905,11.83,0.08,3,reviewed,uw,uw
1982-08-18T11:50:37.500Z,45.3716667,-121.6966667,4.13,3.4,md,38,26,,0.26,uw,uw10143528,2016-07-24T22:48:31.150Z,"8 km NNE of Government Camp, Oregon",earthquake,0.611,1.13,0.04,11,reviewed,uw,uw
1982-08-10T22:54:59.370Z,45.4351667,-121.6233333,0.646,2.5,md,25,81,,0.27,uw,uw10138253,2016-07-24T22:47:24.490Z,"9 km SSW of Parkdale, Oregon",explosion,0.895,1.07,0.07,2,reviewed,uw,uw
1981-11-08T07:54:01.060Z,45.6005,-122.469,5.618,2.5,md,39,82,,0.18,uw,uw10121658,2016-07-24T22:27:02.880Z,"5 km SSE of Mill Plain, Washington",earthquake,0.369,0.61,0.12,13,reviewed,uw,uw
1981-07-02T18:16:14.030Z,45.2621667,-121.4328333,4.915,2.6,md,6,180,0.1783,0.12,uw,uw10112078,2016-07-24T22:17:23.100Z,"11 km W of Pine Hollow, Oregon",earthquake,0.935,1.47,0.05,5,reviewed,uw,uw
1981-06-22T07:41:54.090Z,44.5186667,-123.8868333,57.971,2.65,md,38,283,,0.32,uw,uw10114068,2016-07-24T22:16:41.840Z,"12 km SSE of Toledo, Oregon",earthquake,2.06,3.04,0.117,20,reviewed,uw,uw
1980-09-28T20:25:32.210Z,44.7543333,-123.7301667,19.767,2.8,md,13,247,0.5801,0.31,uw,uw10089033,2016-07-24T21:46:29.890Z,"15 km ENE of Siletz, Oregon",earthquake,2.786,1.47,0.39,8,reviewed,uw,uw
1980-07-08T18:39:46.770Z,45.3256667,-121.6783333,6.489,2.9,md,9,99,,0.16,uw,uw10081333,2016-07-24T21:42:42.150Z,"6 km ENE of Government Camp, Oregon",earthquake,0.7,0.57,0.28,1,reviewed,uw,uw
1980-07-07T01:17:06.170Z,45.2,-121.7343333,12.199,3.2,md,32,257,0.8911,0.31,uw,uw10080978,2016-07-24T21:42:34.490Z,"6 km SSW of Wapanitia, Oregon",earthquake,4.282,2.09,0.11,1,reviewed,uw,uw
1980-02-04T16:11:43.520Z,44.8941667,-121.829,2.698,2.6,md,6,321,0.4497,0.19,uw,uw10075248,2016-07-24T21:23:00.320Z,"29 km NE of Idanha, Oregon",earthquake,1.92,1.25,,3,reviewed,uw,uw
1976-08-25T23:12:45.440Z,45.0318333,-120.9766667,14.685,2.7,md,10,253,,0.71,uw,uw10842053,2016-07-25T00:22:34.200Z,"17 km SSE of Maupin, Oregon",earthquake,0.275,0.42,0.11,1,reviewed,uw,uw
1974-12-13T03:28:54.200Z,45.265,-121.599,22,4.1,mb,,,,,us,usp000093v,2014-11-06T23:21:27.808Z,"Washington-Oregon border region",earthquake,,,,,reviewed,us,us
1974-07-29T03:28:28.670Z,45.797,-122.5833333,11.795,2.8,md,7,310,0.4645,0.01,uw,uw10859223,2016-07-25T00:10:58.690Z,"0 km WNW of Cherry Grove, Washington",earthquake,0.191,0.03,0.06,4,reviewed,uw,uw
1972-11-17T02:15:22.360Z,45.7231667,-122.6801667,10.175,3.1,md,7,312,,0.23,uw,uw10854833,2016-07-24T23:57:57.000Z,"2 km NE of Felida, Washington",earthquake,3.147,6.17,0.11,5,reviewed,uw,uw
1963-12-27T02:36:21.600Z,45.7,-123.4,33,4.5,mb,,,,,ushis,ushis2634,2018-06-04T20:43:45.000Z,"23 km SW of Vernonia, Oregon",earthquake,,,,,reviewed,ushis,us
1963-03-07T23:53:26.500Z,44.877,-122.738,,4.6,mb,,,,,ushis,ushis2596,2018-06-04T20:43:45.000Z,"Oregon",earthquake,,,,,reviewed,ushis,us
1962-11-06T03:36:43.190Z,45.601,-122.601,15,5.16,mw,,,,,iscgem,iscgem875624,2022-04-26T16:13:35.222Z,"5 km E of Bridgeton, Oregon",earthquake,,2.1,0.3,,reviewed,iscgem,iscgem
1961-11-07T01:29:08.400Z,45.7,-122.4,33,4.5,md,,,,,ushis,ushis2527,2018-06-04T20:43:45.000Z,"7 km N of Fern Prairie, Washington",earthquake,,,,,reviewed,ushis,yel
1961-08-23T17:59:47.000Z,42.4,-123.2,,4.6,ml,,,,,ushis,ushis2509,2018-06-04T20:43:45.000Z,"4 km SSW of Rogue River, Oregon",earthquake,,,,,reviewed,ushis,brk
1961-08-19T04:56:24.100Z,44.7,-122.5,33,4.5,uk,,,,,ushis,ushis2507,2018-06-04T20:43:45.000Z,"6 km SSW of Mill City, Oregon",earthquake,,,,,reviewed,ushis,pas
1960-11-08T11:36:27.000Z,44.9,-125.2,,5,ml,,,,,ushis,ushis2469,2018-06-04T20:43:45.000Z,"90 km W of Depoe Bay, Oregon",earthquake,,,,,reviewed,ushis,brk
1959-08-21T00:28:17.000Z,44.8,-124.7,,4.6,ml,,,,,ushis,ushis2406,2018-06-04T20:43:45.000Z,"50 km W of Depoe Bay, Oregon",earthquake,,,,,reviewed,ushis,brk
1959-08-04T23:53:30.000Z,45.683,-122.267,,4.7,ml,,,,,ushis,ushis2391,2018-06-04T20:43:45.000Z,"11 km ENE of Fern Prairie, Washington",earthquake,,,,,reviewed,ushis,epb
1957-11-17T06:00:29.000Z,45.3,-123.8,,4,ml,,,,,ushis,ushis2269,2018-06-04T20:43:44.000Z,"3 km NE of Beaver, Oregon",earthquake,,,,,reviewed,ushis,brk
1953-12-16T04:32:12.000Z,45.5,-122.7,,5,uk,,,,,ushis,ushis1907,2018-06-04T20:43:44.000Z,"3 km SW of Portland, Oregon",earthquake,,,,,reviewed,ushis,epb
1925-06-04T12:02:59.280Z,43.01,-125.028,15,5.96,mw,,,,,iscgem,iscgem910527,2022-04-25T23:26:29.018Z,"48 km WNW of Langlois, Oregon",earthquake,,25,0.2,,reviewed,iscgem,iscgem
